open,high,low,close,volume,spread,real_volume
1.09753,1.09754,1.09678,1.09705,1673,0,0
1.09706,1.09795,1.097,1.09763,1764,0,0
1.09762,1.0977,1.09691,1.09715,2097,0,0
1.09714,1.09764,1.09683,1.09736,2267,0,0
1.09735,1.09737,1.09629,1.09662,960,0,0
1.09661,1.09702,1.09652,1.09692,650,0,0
1.09694,1.09832,1.09691,1.09822,2612,0,0
1.09823,1.09872,1.09811,1.09819,1703,0,0
1.09818,1.09843,1.09787,1.09793,3049,0,0
1.09792,1.09908,1.09774,1.09853,4045,0,0
1.09852,1.09908,1.0984,1.0988,1184,0,0
1.09879,1.09885,1.09858,1.09863,608,0,0
1.09864,1.09864,1.09825,1.09838,480,0,0
1.09837,1.09861,1.09814,1.09853,863,0,0
1.09852,1.10071,1.09806,1.1004,4101,0,0
1.10041,1.10169,1.10021,1.10141,4883,0,0
1.1014,1.10172,1.10097,1.10151,3296,0,0
1.10152,1.10311,1.10112,1.10279,3370,0,0
1.10278,1.10311,1.10234,1.10237,2798,0,0
1.10236,1.10314,1.1019,1.10216,3560,0,0
1.10215,1.10308,1.10155,1.10209,5160,0,0
1.10208,1.10256,1.10133,1.10168,5000,0,0
1.10167,1.10219,1.10094,1.10104,6898,0,0
1.10103,1.10157,1.09998,1.10151,5756,0,0
1.1015,1.10211,1.10108,1.1014,3902,0,0
1.10139,1.10198,1.10093,1.1013,2679,0,0
1.10129,1.10151,1.10029,1.10047,3042,0,0
1.10045,1.10071,1.10005,1.10068,1964,0,0
1.10066,1.10066,1.09995,1.10003,941,0,0
1.10004,1.10049,1.09996,1.10047,611,0,0
1.10048,1.10058,1.1003,1.10048,992,0,0
1.10049,1.10088,1.10035,1.10083,749,0,0
1.10082,1.10115,1.10024,1.10036,1365,0,0
1.10037,1.10139,1.10036,1.10136,1727,0,0
1.10137,1.10154,1.1013,1.10147,500,0,0
1.10148,1.10151,1.10126,1.10129,562,0,0
1.10128,1.1017,1.10124,1.10137,906,0,0
1.10136,1.10169,1.10118,1.10134,1003,0,0
1.10133,1.10203,1.10096,1.10156,2626,0,0
1.10155,1.10178,1.10065,1.10087,4046,0,0
1.10086,1.10134,1.09984,1.1007,5846,0,0
1.10071,1.1023,1.10049,1.10176,4838,0,0
1.10175,1.10375,1.10172,1.10327,5725,0,0
1.10326,1.10601,1.1032,1.10517,8849,0,0
1.10518,1.10539,1.10353,1.10432,5513,0,0
1.10433,1.10603,1.1041,1.10513,6447,0,0
1.10511,1.10544,1.1024,1.10324,7319,0,0
1.10323,1.10514,1.10317,1.10365,6411,0,0
1.10364,1.10491,1.10285,1.10481,4516,0,0
1.1048,1.10493,1.10392,1.10443,2679,0,0
1.10442,1.10448,1.10383,1.10405,1931,0,0
1.10404,1.10457,1.10336,1.10382,3437,0,0
1.10381,1.10381,1.10298,1.10323,1382,0,0
1.10309,1.10338,1.10277,1.10323,793,0,0
1.10325,1.10349,1.10268,1.10275,1192,0,0
1.10276,1.10288,1.10228,1.10258,978,0,0
1.10257,1.10295,1.10218,1.10254,1591,0,0
1.10255,1.10269,1.10222,1.10261,1542,0,0
1.1026,1.10266,1.10235,1.10256,914,0,0
1.10255,1.10289,1.10233,1.10289,905,0,0
1.10288,1.1033,1.10284,1.10286,695,0,0
1.10285,1.10311,1.10239,1.10277,1154,0,0
1.10278,1.10298,1.10103,1.10161,4379,0,0
1.1016,1.10279,1.10114,1.10157,3885,0,0
1.10156,1.10306,1.10134,1.10276,2308,0,0
1.10275,1.10367,1.10272,1.10353,3519,0,0
1.10352,1.10402,1.10268,1.10285,2177,0,0
1.10286,1.10289,1.10228,1.10249,1834,0,0
1.1025,1.10295,1.10218,1.1022,2107,0,0
1.10219,1.10262,1.10184,1.10227,2855,0,0
1.10226,1.10281,1.10173,1.10223,3320,0,0
1.10222,1.10247,1.10153,1.10241,2325,0,0
1.1024,1.10282,1.10208,1.10273,1887,0,0
1.10272,1.10282,1.10227,1.10235,875,0,0
1.10234,1.10302,1.10228,1.1028,871,0,0
1.10281,1.10292,1.10212,1.10228,820,0,0
1.10229,1.10236,1.10191,1.10236,700,0,0
1.10237,1.10254,1.10191,1.10211,2216,0,0
1.1021,1.10264,1.10206,1.10254,636,0,0
1.10253,1.10259,1.10225,1.10235,701,0,0
1.10236,1.10246,1.10192,1.10231,1125,0,0
1.1023,1.10299,1.10225,1.10277,1428,0,0
1.10276,1.1028,1.10231,1.10242,974,0,0
1.10243,1.10298,1.10241,1.10297,717,0,0
1.10298,1.10309,1.10245,1.10261,753,0,0
1.10262,1.10308,1.10244,1.10303,1177,0,0
1.10302,1.10437,1.10232,1.10369,5099,0,0
1.10368,1.10368,1.10103,1.10184,6343,0,0
1.10183,1.10281,1.10162,1.10244,3340,0,0
1.10245,1.10247,1.10042,1.10107,5177,0,0
1.10108,1.10178,1.10063,1.10134,2840,0,0
1.10135,1.10147,1.10001,1.10035,3831,0,0
1.10034,1.10071,1.09929,1.10028,3788,0,0
1.10029,1.10074,1.09889,1.09912,3586,0,0
1.09913,1.10421,1.09907,1.10322,10163,0,0
1.10323,1.10416,1.10282,1.10329,7262,0,0
1.1033,1.10341,1.10131,1.10202,3587,0,0
1.10203,1.10295,1.10145,1.10272,1989,0,0
1.10273,1.10334,1.1025,1.10334,1620,0,0
1.10333,1.10356,1.10282,1.10319,1286,0,0
1.10318,1.10328,1.10272,1.10278,764,0,0
1.1028,1.10319,1.10227,1.10274,1149,0,0
1.10275,1.10326,1.10275,1.1031,545,0,0
1.10311,1.10328,1.10298,1.10321,537,0,0
1.1032,1.1032,1.10279,1.10294,1599,0,0
1.10293,1.10296,1.10237,1.10262,1773,0,0
1.10263,1.10268,1.10214,1.10263,874,0,0
1.10264,1.10297,1.10257,1.10285,971,0,0
1.10284,1.10299,1.10263,1.10278,639,0,0
1.10279,1.10336,1.1027,1.10325,732,0,0
1.10326,1.10574,1.10315,1.10441,6859,0,0
1.1044,1.10511,1.10288,1.10326,6992,0,0
1.10327,1.10363,1.10269,1.10339,4451,0,0
1.10338,1.10374,1.102,1.10372,6035,0,0
1.10371,1.10446,1.10216,1.10227,4397,0,0
1.10226,1.10318,1.10222,1.10242,3826,0,0
1.10243,1.10465,1.10206,1.10372,8266,0,0
1.10373,1.10509,1.10364,1.10503,4596,0,0
1.10502,1.10536,1.10391,1.10493,5491,0,0
1.10494,1.10747,1.10422,1.10723,5256,0,0
1.10722,1.1083,1.10705,1.10786,2961,0,0
1.10787,1.10788,1.10624,1.10671,2657,0,0
1.1067,1.10729,1.10655,1.10707,1454,0,0
1.10706,1.10743,1.1069,1.10725,1094,0,0
1.10726,1.10728,1.10665,1.10668,500,0,0
1.10667,1.10695,1.10665,1.10689,520,0,0
1.1069,1.10739,1.1069,1.10724,602,0,0
1.10725,1.1075,1.10714,1.10715,472,0,0
1.10714,1.10823,1.10705,1.10802,1472,0,0
1.10803,1.10819,1.1075,1.10776,1567,0,0
1.10775,1.10775,1.10723,1.10744,818,0,0
1.10743,1.10762,1.10727,1.10751,466,0,0
1.1075,1.1075,1.10724,1.10733,480,0,0
1.10734,1.10745,1.1067,1.10688,1578,0,0
1.10689,1.10725,1.10645,1.10646,2784,0,0
1.10647,1.10841,1.10627,1.10754,3257,0,0
1.10755,1.10903,1.10698,1.10873,4882,0,0
1.10874,1.11374,1.10874,1.11156,10467,0,0
1.11155,1.11228,1.11067,1.11104,6461,0,0
1.11105,1.11231,1.11047,1.11133,5603,0,0
1.11134,1.11208,1.10991,1.11147,7192,0,0
1.11146,1.11278,1.1108,1.11211,5435,0,0
1.11212,1.11252,1.11108,1.11129,5934,0,0
1.11128,1.11265,1.11084,1.11265,3614,0,0
1.11264,1.11298,1.11209,1.11237,1807,0,0
1.11238,1.11258,1.11182,1.11252,1794,0,0
1.11253,1.11264,1.11192,1.11215,1560,0,0
1.11214,1.11247,1.11181,1.11221,1223,0,0
1.11222,1.11244,1.11191,1.11195,624,0,0
1.11196,1.11235,1.11192,1.11232,722,0,0
1.11233,1.11261,1.11215,1.11227,897,0,0
1.11228,1.11234,1.11205,1.11223,705,0,0
1.11222,1.11263,1.11216,1.11258,944,0,0
1.11257,1.11285,1.11189,1.11206,1247,0,0
1.11207,1.11241,1.1119,1.11208,1553,0,0
1.11207,1.11254,1.11207,1.11251,631,0,0
1.1125,1.11253,1.11188,1.11193,778,0,0
1.11194,1.11234,1.11173,1.11174,819,0,0
1.11173,1.11221,1.11123,1.11145,2830,0,0
1.11144,1.11264,1.11125,1.11218,3519,0,0
1.11217,1.1129,1.11188,1.11252,3265,0,0
1.11253,1.11302,1.11222,1.11274,2685,0,0
1.11273,1.11327,1.11229,1.11296,2514,0,0
1.11297,1.11441,1.11275,1.11406,3171,0,0
1.11405,1.11476,1.11398,1.11451,2057,0,0
1.11452,1.11502,1.11334,1.1137,3647,0,0
1.11371,1.11423,1.11348,1.11363,4065,0,0
1.11362,1.11567,1.11327,1.11522,3325,0,0
1.11523,1.11571,1.1144,1.11559,2715,0,0
1.11558,1.11605,1.11539,1.11564,2293,0,0
1.11563,1.11595,1.11539,1.11589,1248,0,0
1.11588,1.11636,1.11573,1.11594,1450,0,0
1.11593,1.11693,1.11589,1.11693,1952,0,0
1.11648,1.11648,1.11465,1.11528,975,0,0
1.11529,1.11565,1.11478,1.1155,2162,0,0
1.11549,1.11574,1.1149,1.11535,1604,0,0
1.11534,1.11609,1.11529,1.11596,1377,0,0
1.11597,1.11598,1.11519,1.1155,1190,0,0
1.11551,1.11571,1.11522,1.1154,851,0,0
1.11541,1.11577,1.11538,1.11576,532,0,0
1.11577,1.11585,1.1155,1.1155,501,0,0
1.11551,1.11586,1.11503,1.11505,744,0,0
1.11506,1.11585,1.115,1.1155,2812,0,0
1.11549,1.11644,1.11472,1.11619,3583,0,0
1.1162,1.11768,1.11601,1.11639,3726,0,0
1.11641,1.11681,1.11621,1.11662,2410,0,0
1.11661,1.11663,1.11587,1.11601,1560,0,0
1.11602,1.11708,1.11584,1.11662,2211,0,0
1.11661,1.11713,1.11576,1.11584,2146,0,0
1.11586,1.11602,1.11491,1.11532,2454,0,0
1.11531,1.11586,1.11422,1.11433,3613,0,0
1.11434,1.11443,1.11363,1.11425,2724,0,0
1.11424,1.11542,1.11423,1.1149,1899,0,0
1.11491,1.11502,1.11454,1.11486,1211,0,0
1.11485,1.11512,1.11433,1.11437,925,0,0
1.11438,1.11471,1.11426,1.11471,975,0,0
1.1147,1.11479,1.11437,1.11444,474,0,0
1.11445,1.11484,1.11406,1.11462,1002,0,0
1.11463,1.11495,1.11455,1.11472,587,0,0
1.11473,1.11494,1.11457,1.11493,283,0,0
1.11492,1.11518,1.11477,1.11517,816,0,0
1.11516,1.11543,1.11489,1.11492,814,0,0
1.11491,1.11514,1.11451,1.11493,890,0,0
1.11494,1.11498,1.11466,1.11469,540,0,0
1.1147,1.11509,1.11467,1.11504,483,0,0
1.11505,1.11543,1.11495,1.11504,586,0,0
1.11505,1.11542,1.1146,1.11461,1975,0,0
1.11462,1.11481,1.114,1.1142,2967,0,0
1.11419,1.11444,1.11309,1.11386,3218,0,0
1.11387,1.11427,1.11352,1.11414,2238,0,0
1.11413,1.11457,1.11363,1.11399,2141,0,0
1.114,1.11406,1.11312,1.11358,2709,0,0
1.11357,1.11367,1.11205,1.11244,3617,0,0
1.11245,1.11355,1.11234,1.11318,3095,0,0
1.11317,1.11353,1.11228,1.1129,3171,0,0
1.11291,1.11434,1.11276,1.11354,2937,0,0
1.11353,1.11404,1.11331,1.11382,1418,0,0
1.11383,1.11441,1.11365,1.1142,1353,0,0
1.11419,1.11515,1.11179,1.11213,7851,0,0
1.11212,1.11334,1.11153,1.11292,2315,0,0
1.11291,1.11291,1.11196,1.11201,559,0,0
1.112,1.11228,1.11198,1.11212,505,0,0
1.11211,1.11289,1.1121,1.11283,933,0,0
1.11282,1.11285,1.11253,1.11265,797,0,0
1.11266,1.11283,1.11224,1.11237,1316,0,0
1.11238,1.11244,1.11186,1.11188,964,0,0
1.11187,1.11219,1.11175,1.11177,981,0,0
1.11176,1.11178,1.11135,1.11151,745,0,0
1.11152,1.11208,1.11151,1.11183,750,0,0
1.11184,1.11228,1.11164,1.11226,859,0,0
1.11227,1.11263,1.11155,1.11172,3064,0,0
1.11171,1.11254,1.11163,1.11223,3425,0,0
1.11224,1.11239,1.11158,1.11158,2098,0,0
1.11157,1.11198,1.11077,1.11093,2197,0,0
1.11092,1.11176,1.11037,1.11047,2894,0,0
1.11048,1.11186,1.11048,1.11173,1769,0,0
1.11174,1.11227,1.11141,1.11201,1847,0,0
1.112,1.11222,1.11147,1.11204,2242,0,0
1.11203,1.11213,1.11095,1.11124,2323,0,0
1.11123,1.11212,1.11113,1.11149,2069,0,0
1.11148,1.11198,1.11131,1.11185,1227,0,0
1.11184,1.11218,1.11164,1.11211,1157,0,0
1.1121,1.11265,1.11205,1.11259,1101,0,0
1.1126,1.11376,1.11251,1.11305,1092,0,0
1.11306,1.1131,1.11253,1.11257,474,0,0
1.11255,1.11284,1.11241,1.11281,1187,0,0
1.11282,1.11307,1.11268,1.113,540,0,0
1.11299,1.1131,1.1129,1.11297,439,0,0
1.11296,1.113,1.11267,1.11292,658,0,0
1.11291,1.11361,1.11291,1.11361,927,0,0
1.1136,1.11395,1.11345,1.1135,857,0,0
1.11351,1.11356,1.11326,1.11337,463,0,0
1.11336,1.11354,1.1132,1.1132,410,0,0
1.11321,1.11335,1.11291,1.11305,632,0,0
1.11304,1.11338,1.1128,1.1133,2391,0,0
1.11329,1.11604,1.11318,1.11449,7426,0,0
1.11447,1.11451,1.11216,1.11297,4777,0,0
1.11298,1.11328,1.1123,1.11287,2115,0,0
1.11286,1.11288,1.11198,1.1126,1651,0,0
1.11261,1.11275,1.11178,1.11185,2444,0,0
1.11186,1.11513,1.11181,1.11469,4980,0,0
1.11471,1.11493,1.1109,1.11139,6651,0,0
1.1114,1.11148,1.10995,1.11031,4769,0,0
1.1103,1.11034,1.10907,1.10951,3675,0,0
1.10952,1.11061,1.1091,1.11043,2731,0,0
1.11044,1.11086,1.11022,1.11041,1151,0,0
1.1104,1.11069,1.11016,1.1106,1064,0,0
1.11061,1.11068,1.10973,1.10975,1014,0,0
1.10976,1.11024,1.10972,1.11018,677,0,0
1.11017,1.11051,1.11005,1.11028,1145,0,0
1.11027,1.11032,1.1101,1.11011,418,0,0
1.1101,1.11018,1.10998,1.11011,475,0,0
1.11012,1.11019,1.10987,1.10992,615,0,0
1.10993,1.11029,1.10993,1.11,584,0,0
1.10999,1.1102,1.10983,1.11013,539,0,0
1.11012,1.11012,1.10987,1.11,405,0,0
1.11001,1.11009,1.10994,1.10997,291,0,0
1.10998,1.1107,1.10987,1.11065,659,0,0
1.11066,1.11075,1.11027,1.11071,1651,0,0
1.11072,1.11126,1.11023,1.11111,2896,0,0
1.1111,1.11203,1.11097,1.11184,2359,0,0
1.11183,1.11205,1.1111,1.1113,1662,0,0
1.11129,1.11171,1.11103,1.11116,1548,0,0
1.11115,1.11123,1.11036,1.11037,2150,0,0
1.11038,1.11071,1.10934,1.10974,2239,0,0
1.10973,1.11028,1.10849,1.10915,2776,0,0
1.10916,1.10933,1.10845,1.10886,2674,0,0
1.10885,1.10894,1.10778,1.10784,2910,0,0
1.10785,1.10792,1.10709,1.10713,1729,0,0
1.10712,1.10774,1.10706,1.10746,1021,0,0
1.10745,1.10794,1.10738,1.10777,919,0,0
1.10776,1.10802,1.10757,1.10777,922,0,0
1.10778,1.1079,1.10751,1.10778,762,0,0
1.10782,1.10804,1.10767,1.10796,427,0,0
1.10795,1.10816,1.10792,1.10815,370,0,0
1.10816,1.1082,1.10793,1.10798,508,0,0
1.10797,1.10797,1.10747,1.10759,683,0,0
1.10758,1.1077,1.10737,1.10763,568,0,0
1.10764,1.10791,1.10757,1.10791,524,0,0
1.10792,1.10816,1.10786,1.10804,359,0,0
1.10803,1.10853,1.10793,1.10853,518,0,0
1.10852,1.10889,1.10833,1.10888,928,0,0
1.10889,1.10896,1.10836,1.10876,2246,0,0
1.10875,1.10946,1.10862,1.10892,2986,0,0
1.10891,1.10934,1.1086,1.10891,1952,0,0
1.10892,1.10934,1.10879,1.10924,1463,0,0
1.10925,1.11042,1.10921,1.10943,2237,0,0
1.10944,1.10996,1.10846,1.10849,2385,0,0
1.1085,1.10943,1.10819,1.10918,2351,0,0
1.10919,1.10954,1.1088,1.10892,2614,0,0
1.10893,1.10917,1.10839,1.10908,2001,0,0
1.10909,1.10963,1.10895,1.10962,1646,0,0
1.10961,1.11005,1.10945,1.10998,1025,0,0
1.10997,1.10997,1.10945,1.10953,895,0,0
1.10952,1.11009,1.10943,1.11006,795,0,0
1.11005,1.11006,1.10969,1.10973,536,0,0
1.10972,1.11001,1.10962,1.1097,426,0,0
1.10971,1.10985,1.10953,1.10956,560,0,0
1.10957,1.10973,1.10953,1.10959,423,0,0
1.10958,1.10974,1.10942,1.10955,832,0,0
1.10954,1.10956,1.1089,1.1092,882,0,0
1.10919,1.11001,1.10917,1.10946,788,0,0
1.10945,1.10952,1.10922,1.10939,627,0,0
1.10938,1.10943,1.10901,1.10906,556,0,0
1.10907,1.10927,1.109,1.10918,577,0,0
1.10919,1.10921,1.10864,1.10883,677,0,0
1.10882,1.10911,1.10812,1.10821,1990,0,0
1.1082,1.10838,1.10749,1.1077,2406,0,0
1.10769,1.1081,1.10746,1.1075,2292,0,0
1.10751,1.10886,1.10712,1.10871,3041,0,0
1.10872,1.10888,1.10755,1.10793,2508,0,0
1.10794,1.10936,1.10783,1.10925,2297,0,0
1.10926,1.1096,1.10901,1.10934,2439,0,0
1.10933,1.111,1.10928,1.11079,3795,0,0
1.11078,1.1115,1.11039,1.11141,3706,0,0
1.1114,1.1116,1.11046,1.1107,2515,0,0
1.11069,1.11079,1.11049,1.11057,1212,0,0
1.11058,1.11096,1.11025,1.11085,952,0,0
1.11084,1.11111,1.1107,1.11087,838,0,0
1.11086,1.11101,1.11071,1.11097,545,0,0
1.11096,1.11125,1.11083,1.11096,481,0,0
1.11095,1.11113,1.11093,1.11097,659,0,0
1.11096,1.11119,1.11092,1.11098,557,0,0
1.11097,1.11099,1.11043,1.11066,1071,0,0
1.11065,1.11101,1.11061,1.11076,872,0,0
1.11077,1.11083,1.11044,1.11054,659,0,0
1.11055,1.11067,1.11041,1.11063,447,0,0
1.11062,1.11073,1.11054,1.11068,419,0,0
1.11069,1.111,1.11057,1.11074,622,0,0
1.11075,1.11143,1.11074,1.11125,1072,0,0
1.11126,1.1121,1.11104,1.1119,2757,0,0
1.11191,1.11209,1.11107,1.11167,3047,0,0
1.11168,1.11176,1.11093,1.11093,2047,0,0
1.11094,1.11246,1.11094,1.11191,3049,0,0
1.11192,1.11212,1.11046,1.11115,2701,0,0
1.11116,1.11144,1.10997,1.11119,4532,0,0
1.11118,1.11148,1.11009,1.11052,3992,0,0
1.11053,1.11165,1.11035,1.11093,4295,0,0
1.11094,1.11211,1.11094,1.11206,3386,0,0
1.11207,1.11231,1.11167,1.11184,2319,0,0
1.11183,1.11205,1.11123,1.11145,1370,0,0
1.11146,1.11246,1.10776,1.11232,10632,0,0
1.11234,1.11485,1.11203,1.11417,6134,0,0
1.11416,1.11492,1.11396,1.11481,1452,0,0
1.11482,1.11511,1.11464,1.11502,648,0,0
1.11503,1.11527,1.115,1.11506,913,0,0
1.11505,1.11529,1.11496,1.11498,706,0,0
1.11499,1.11601,1.11499,1.11598,1649,0,0
1.11599,1.11674,1.11572,1.1164,1762,0,0
1.11639,1.11656,1.11606,1.11642,1039,0,0
1.11643,1.11665,1.11633,1.11664,1077,0,0
1.11663,1.1168,1.11624,1.11626,728,0,0
1.11625,1.11632,1.11582,1.1159,852,0,0
1.11589,1.11624,1.11553,1.11618,1158,0,0
1.11617,1.1165,1.11551,1.11605,2935,0,0
1.11606,1.1173,1.11557,1.11724,3511,0,0
1.11723,1.11726,1.11574,1.11613,5576,0,0
1.11616,1.11723,1.11494,1.11524,3304,0,0
1.11523,1.11621,1.11418,1.1149,3735,0,0
1.11491,1.11618,1.11468,1.11506,4705,0,0
1.11505,1.11538,1.11393,1.11459,4462,0,0
1.1146,1.11495,1.1129,1.11402,4567,0,0
1.11401,1.11563,1.11314,1.11533,4702,0,0
1.11531,1.11559,1.11438,1.1148,3450,0,0
1.11481,1.11518,1.11414,1.11434,2365,0,0
1.11435,1.11451,1.1138,1.11429,1527,0,0
1.11428,1.11508,1.11405,1.11505,1562,0,0
1.11506,1.11516,1.11465,1.11497,633,0,0
1.11496,1.115,1.11483,1.11494,259,0,0
1.11493,1.1151,1.1148,1.11493,624,0,0
1.11494,1.11543,1.11488,1.11537,589,0,0
1.11536,1.11536,1.11463,1.11525,1211,0,0
1.11524,1.11642,1.11524,1.1163,1520,0,0
1.11631,1.11633,1.11586,1.11626,1083,0,0
1.11625,1.1164,1.11609,1.11619,568,0,0
1.11618,1.11621,1.116,1.11618,433,0,0
1.11619,1.11626,1.11604,1.11617,502,0,0
1.11618,1.11621,1.1158,1.11594,607,0,0
1.11595,1.11644,1.1153,1.11611,2122,0,0
1.11612,1.11663,1.11528,1.11582,2553,0,0
1.11583,1.11583,1.11454,1.11471,2047,0,0
1.11472,1.11476,1.11373,1.11458,1955,0,0
1.11457,1.11554,1.1144,1.1153,2186,0,0
1.11531,1.1155,1.11259,1.11287,6365,0,0
1.11288,1.1151,1.11288,1.11447,3756,0,0
1.11455,1.11663,1.11455,1.1163,6799,0,0
1.11631,1.11694,1.11597,1.11662,3533,0,0
1.11663,1.11684,1.11599,1.11657,2679,0,0
1.11658,1.11666,1.11586,1.11594,1888,0,0
1.11593,1.11639,1.11565,1.11611,1260,0,0
1.1161,1.11674,1.11606,1.11669,1075,0,0
1.11668,1.11669,1.11583,1.1163,966,0,0
1.11621,1.11621,1.1161,1.1161,2,0,0
1.1169,1.1169,1.11623,1.11625,392,0,0
1.11626,1.1165,1.11617,1.11638,716,0,0
1.11637,1.11643,1.11572,1.11578,593,0,0
1.11579,1.11659,1.11579,1.11648,690,0,0
1.11647,1.11698,1.11636,1.11689,680,0,0
1.11688,1.11713,1.11669,1.11669,679,0,0
1.1167,1.11687,1.11668,1.1167,509,0,0
1.11669,1.1167,1.11628,1.11653,464,0,0
1.11654,1.11685,1.11639,1.11658,633,0,0
1.11657,1.1173,1.11633,1.11708,2382,0,0
1.11707,1.11707,1.11468,1.11599,4981,0,0
1.11598,1.1166,1.11552,1.11626,2984,0,0
1.11625,1.11637,1.11523,1.11608,2624,0,0
1.11609,1.1163,1.11574,1.11624,1423,0,0
1.11623,1.11678,1.11532,1.11574,2184,0,0
1.11573,1.11573,1.11497,1.11536,2458,0,0
1.11537,1.1154,1.11455,1.11455,2550,0,0
1.11453,1.11546,1.11446,1.11522,2703,0,0
1.11523,1.11543,1.11375,1.11419,2499,0,0
1.11418,1.11435,1.11383,1.11388,1093,0,0
1.11387,1.11404,1.11288,1.11322,1256,0,0
1.11321,1.11328,1.11229,1.1125,1368,0,0
1.11249,1.11267,1.11224,1.11258,1032,0,0
1.11259,1.11282,1.11246,1.11259,684,0,0
1.11257,1.11263,1.11194,1.11194,2817,0,0
1.11195,1.11259,1.11195,1.11256,1300,0,0
1.11255,1.11287,1.11249,1.11274,828,0,0
1.11275,1.1128,1.11229,1.11231,1072,0,0
1.11232,1.11254,1.11196,1.11203,966,0,0
1.11204,1.11226,1.11102,1.1121,1447,0,0
1.11209,1.11235,1.11186,1.11215,933,0,0
1.11216,1.11258,1.11213,1.11255,762,0,0
1.11254,1.11263,1.11227,1.11252,820,0,0
1.11253,1.11361,1.11253,1.11322,2728,0,0
1.11323,1.11377,1.11277,1.11308,3532,0,0
1.11309,1.11319,1.11218,1.11267,3084,0,0
1.11268,1.11289,1.11183,1.11192,2536,0,0
1.11191,1.11225,1.11118,1.11148,3220,0,0
1.11147,1.1115,1.11026,1.11067,3455,0,0
1.11068,1.11089,1.1093,1.10968,3304,0,0
1.10969,1.10972,1.10835,1.10864,3546,0,0
1.10842,1.10842,1.10639,1.10699,7396,0,0
1.10698,1.10732,1.10616,1.10673,3445,0,0
1.10672,1.1071,1.10642,1.10654,2036,0,0
1.10655,1.10729,1.10622,1.10658,2018,0,0
1.10657,1.10677,1.10611,1.10623,1394,0,0
1.10622,1.10717,1.10618,1.10689,1271,0,0
1.1069,1.10721,1.1069,1.10718,794,0,0
1.10719,1.10728,1.107,1.10724,358,0,0
1.10725,1.1073,1.10707,1.10716,520,0,0
1.10717,1.10717,1.10643,1.10655,1168,0,0
1.10654,1.10734,1.10654,1.10729,1276,0,0
1.10728,1.10751,1.10716,1.1075,853,0,0
1.10749,1.10775,1.10735,1.10736,599,0,0
1.10737,1.10739,1.10678,1.10683,474,0,0
1.10682,1.10735,1.10673,1.10735,617,0,0
1.10736,1.10761,1.10713,1.10733,1097,0,0
1.10732,1.10779,1.10697,1.10768,2537,0,0
1.10769,1.10878,1.10736,1.10857,3097,0,0
1.10858,1.10904,1.10837,1.10889,2445,0,0
1.1089,1.10899,1.10849,1.10872,1866,0,0
1.10871,1.10874,1.10788,1.10797,1636,0,0
1.10798,1.10883,1.10747,1.10872,2185,0,0
1.10871,1.10895,1.10846,1.10855,2143,0,0
1.10856,1.10861,1.10762,1.10799,2715,0,0
1.10798,1.10834,1.10705,1.10714,2752,0,0
1.10715,1.10768,1.10647,1.10728,3391,0,0
1.10727,1.10749,1.10626,1.10637,2421,0,0
1.10638,1.10682,1.10631,1.10653,1806,0,0
1.10652,1.10687,1.10627,1.10651,1350,0,0
1.1065,1.10709,1.10644,1.10668,1137,0,0
1.10667,1.10673,1.10638,1.10638,702,0,0
1.10637,1.10702,1.10637,1.10655,980,0,0
1.10654,1.10682,1.10652,1.10678,570,0,0
1.10677,1.10683,1.10633,1.10654,950,0,0
1.10655,1.10675,1.1061,1.10622,1061,0,0
1.10623,1.10633,1.10544,1.10589,1161,0,0
1.1059,1.1059,1.10525,1.10563,1350,0,0
1.10562,1.10583,1.10553,1.10564,499,0,0
1.10563,1.10589,1.10563,1.10583,684,0,0
1.10582,1.10603,1.10557,1.10571,808,0,0
1.10572,1.10783,1.10562,1.10736,5868,0,0
1.10735,1.10814,1.10678,1.10807,3998,0,0
1.10806,1.10811,1.10722,1.10754,3443,0,0
1.10755,1.10892,1.10748,1.10863,3981,0,0
1.10862,1.10887,1.10769,1.1077,3625,0,0
1.10769,1.1081,1.10659,1.10741,4591,0,0
1.1074,1.10799,1.10629,1.10647,3005,0,0
1.10648,1.1067,1.10591,1.10611,3589,0,0
1.1061,1.10614,1.1034,1.10442,5055,0,0
1.10441,1.10473,1.1038,1.10424,4072,0,0
1.10423,1.1046,1.10335,1.10383,3475,0,0
1.10384,1.10467,1.1036,1.10432,2311,0,0
1.10433,1.10512,1.10427,1.10447,2658,0,0
1.10446,1.10489,1.10411,1.10436,1957,0,0
1.10435,1.10495,1.10435,1.10472,810,0,0
1.10473,1.10483,1.10466,1.10468,438,0,0
1.10469,1.10504,1.10449,1.105,945,0,0
1.10499,1.10502,1.10449,1.1045,1493,0,0
1.10449,1.10509,1.10434,1.10492,1031,0,0
1.10491,1.1052,1.10478,1.10512,864,0,0
1.10511,1.10511,1.10492,1.10498,537,0,0
1.10497,1.10499,1.10443,1.1045,412,0,0
1.10451,1.10501,1.10448,1.105,652,0,0
1.10499,1.10511,1.1046,1.10496,920,0,0
1.10495,1.1051,1.10427,1.10459,2854,0,0
1.10458,1.1053,1.10415,1.10477,2836,0,0
1.10478,1.10492,1.10356,1.1036,2748,0,0
1.10359,1.10455,1.10316,1.10325,2733,0,0
1.10324,1.10325,1.10235,1.10265,2570,0,0
1.10266,1.10315,1.10256,1.10293,2939,0,0
1.10294,1.10351,1.1028,1.10281,2828,0,0
1.10282,1.10305,1.10218,1.10254,3327,0,0
1.10253,1.10265,1.10171,1.10192,4691,0,0
1.10193,1.10203,1.10147,1.10164,2315,0,0
1.10163,1.10188,1.10143,1.10175,1229,0,0
1.10176,1.10211,1.1016,1.1018,645,0,0
1.10179,1.1022,1.10179,1.10211,842,0,0
1.10212,1.10213,1.10178,1.1019,716,0,0
1.10191,1.10203,1.10161,1.10166,772,0,0
1.1023,1.1023,1.10172,1.10179,459,0,0
1.10178,1.10203,1.10177,1.10196,364,0,0
1.10195,1.10212,1.10139,1.10153,769,0,0
1.10154,1.10192,1.10153,1.10158,795,0,0
1.10159,1.10209,1.10148,1.10207,645,0,0
1.10206,1.10215,1.10189,1.10203,401,0,0
1.10204,1.1022,1.10192,1.10213,413,0,0
1.10214,1.10231,1.10212,1.1023,364,0,0
1.10229,1.10234,1.10192,1.10229,851,0,0
1.10231,1.10274,1.10222,1.10274,1885,0,0
1.10273,1.10282,1.10185,1.10266,2035,0,0
1.10267,1.10309,1.10232,1.10271,2151,0,0
1.1027,1.10331,1.1026,1.10313,1545,0,0
1.10312,1.10321,1.10232,1.10239,1506,0,0
1.1024,1.10373,1.10233,1.1036,2699,0,0
1.10361,1.10406,1.10344,1.1036,1495,0,0
1.10359,1.1037,1.10295,1.10337,1985,0,0
1.10338,1.1034,1.10285,1.10324,2049,0,0
1.10323,1.1039,1.10309,1.10344,1840,0,0
1.10343,1.10364,1.10313,1.10364,814,0,0
1.10365,1.10368,1.10339,1.10346,759,0,0
1.10345,1.10369,1.10311,1.10312,817,0,0
1.10313,1.10327,1.10296,1.10301,651,0,0
1.10302,1.10314,1.10287,1.10306,378,0,0
1.10305,1.10307,1.10291,1.10292,465,0,0
1.10293,1.10331,1.10293,1.10324,730,0,0
1.10323,1.10355,1.10304,1.1032,665,0,0
1.10319,1.1033,1.10257,1.10258,752,0,0
1.10259,1.10277,1.1024,1.1026,721,0,0
1.10261,1.10315,1.10253,1.10296,722,0,0
1.10295,1.10324,1.10295,1.10319,543,0,0
1.10318,1.10337,1.103,1.10325,682,0,0
1.10324,1.10361,1.1031,1.10315,1003,0,0
1.10316,1.10331,1.10248,1.10254,2168,0,0
1.10255,1.1027,1.10165,1.1022,2885,0,0
1.10221,1.10334,1.10214,1.10304,2387,0,0
1.10311,1.10342,1.10182,1.10212,2430,0,0
1.10213,1.10214,1.10104,1.10153,1999,0,0
1.10154,1.10179,1.10087,1.10173,1776,0,0
1.10172,1.10197,1.10102,1.10178,2167,0,0
1.10179,1.10203,1.10116,1.10121,2707,0,0
1.10122,1.10156,1.10001,1.10097,3353,0,0
1.10098,1.10168,1.10067,1.10137,2667,0,0
1.10138,1.10173,1.10039,1.10083,2873,0,0
1.10084,1.10124,1.10035,1.10041,2150,0,0
1.1004,1.10102,1.10028,1.10091,1519,0,0
1.10092,1.10092,1.10052,1.10083,909,0,0
1.10082,1.10083,1.10047,1.10066,621,0,0
1.10067,1.10115,1.10047,1.10089,1405,0,0
1.10088,1.10111,1.10085,1.10096,475,0,0
1.10097,1.10107,1.10061,1.10067,1023,0,0
1.10066,1.10117,1.10062,1.10081,2187,0,0
1.1008,1.10131,1.10058,1.10129,1106,0,0
1.10128,1.1013,1.10093,1.10099,670,0,0
1.101,1.10125,1.101,1.10121,517,0,0
1.10122,1.10136,1.10104,1.10126,556,0,0
1.10127,1.10144,1.10093,1.1011,850,0,0
1.10111,1.10111,1.10043,1.10043,1764,0,0
1.10042,1.10069,1.09967,1.10065,2655,0,0
1.10066,1.10161,1.1006,1.10127,3330,0,0
1.10128,1.10178,1.10075,1.10091,2904,0,0
1.1009,1.101,1.10027,1.10052,2324,0,0
1.10051,1.10078,1.09959,1.10037,2504,0,0
1.10038,1.10059,1.09983,1.10037,3104,0,0
1.10036,1.10116,1.09972,1.10084,3448,0,0
1.10085,1.10115,1.09991,1.10063,3084,0,0
1.10064,1.10074,1.09962,1.09993,2418,0,0
1.09994,1.09998,1.09915,1.09951,1689,0,0
1.09952,1.10022,1.09942,1.10003,1478,0,0
1.10004,1.10053,1.0997,1.09977,1871,0,0
1.09976,1.10046,1.0996,1.10042,993,0,0
1.10041,1.10045,1.09982,1.10013,769,0,0
1.10014,1.10067,1.09997,1.10056,939,0,0
1.10055,1.10075,1.10051,1.10073,560,0,0
1.10072,1.10085,1.10032,1.10041,1159,0,0
1.10042,1.10069,1.10012,1.10017,1353,0,0
1.10016,1.10016,1.09973,1.09998,1136,0,0
1.09999,1.10033,1.09987,1.10012,815,0,0
1.10011,1.10024,1.09977,1.09982,823,0,0
1.09983,1.09983,1.09926,1.0996,855,0,0
1.09961,1.09965,1.09916,1.09925,903,0,0
1.09924,1.10084,1.09922,1.10083,3471,0,0
1.10082,1.10133,1.10048,1.1006,2683,0,0
1.10059,1.10068,1.09952,1.09986,2895,0,0
1.09985,1.10016,1.09937,1.09954,2051,0,0
1.09955,1.09978,1.09866,1.0988,2144,0,0
1.09881,1.09964,1.09875,1.09937,1741,0,0
1.09936,1.09974,1.09911,1.09961,2027,0,0
1.09962,1.10031,1.09956,1.09987,2217,0,0
1.09986,1.09997,1.09902,1.09987,3103,0,0
1.09988,1.10158,1.09976,1.10129,3655,0,0
1.10128,1.10183,1.1011,1.10154,1534,0,0
1.10153,1.1025,1.10132,1.10242,1664,0,0
1.10241,1.10247,1.10191,1.10191,1509,0,0
1.10192,1.10205,1.10155,1.10184,1134,0,0
1.10183,1.10186,1.1013,1.10184,527,0,0
1.10181,1.10214,1.10157,1.10196,548,0,0
1.10195,1.10204,1.10162,1.10175,854,0,0
1.10176,1.10233,1.10173,1.10227,1370,0,0
1.10228,1.10245,1.10205,1.10227,1051,0,0
1.10228,1.10273,1.10212,1.10272,812,0,0
1.10271,1.10272,1.10224,1.10236,539,0,0
1.10237,1.1024,1.10222,1.10237,323,0,0
1.10236,1.10236,1.10191,1.10194,397,0,0
1.10195,1.10217,1.10181,1.10202,1200,0,0
1.10203,1.10217,1.10136,1.10153,1579,0,0
1.10152,1.1023,1.10127,1.10202,2064,0,0
1.10203,1.1021,1.10121,1.10166,2156,0,0
1.10165,1.10266,1.10163,1.1024,1829,0,0
1.10239,1.10317,1.10233,1.10296,1621,0,0
1.10295,1.10332,1.1025,1.10315,1810,0,0
1.10316,1.10408,1.10296,1.10396,2290,0,0
1.10395,1.1046,1.10352,1.1045,3308,0,0
1.10449,1.10524,1.10441,1.10483,2828,0,0
1.10482,1.10508,1.10409,1.10433,1853,0,0
1.10432,1.10523,1.10415,1.10514,1351,0,0
1.10515,1.10545,1.10484,1.10528,790,0,0
1.10529,1.10537,1.10501,1.10507,731,0,0
1.10506,1.10525,1.10498,1.10522,625,0,0
1.1052,1.10525,1.10464,1.10468,732,0,0
1.10477,1.10507,1.10454,1.10496,463,0,0
1.10495,1.10523,1.10489,1.10516,966,0,0
1.10515,1.10545,1.1051,1.10533,614,0,0
1.10532,1.10564,1.10531,1.10552,537,0,0
1.10553,1.10601,1.10553,1.10592,719,0,0
1.10593,1.10618,1.10573,1.10614,650,0,0
1.10615,1.10622,1.10581,1.10587,429,0,0
1.10586,1.10604,1.10571,1.10588,605,0,0
1.10589,1.10617,1.10558,1.10591,734,0,0
1.1059,1.10654,1.10539,1.10541,3274,0,0
1.1054,1.10638,1.10523,1.10575,2852,0,0
1.10574,1.10652,1.10553,1.10595,2045,0,0
1.10594,1.10645,1.10546,1.10557,2018,0,0
1.10556,1.10623,1.10544,1.10585,1336,0,0
1.10586,1.10593,1.10546,1.10552,1415,0,0
1.10551,1.10614,1.10516,1.10539,2911,0,0
1.1054,1.10674,1.1053,1.10647,2823,0,0
1.10648,1.10793,1.10621,1.10784,2873,0,0
1.10783,1.10875,1.10764,1.10767,2390,0,0
1.10766,1.10796,1.10755,1.10792,1082,0,0
1.10793,1.10806,1.10751,1.10767,1014,0,0
1.10768,1.10771,1.10717,1.10728,735,0,0
1.10727,1.10746,1.10715,1.10723,624,0,0
1.10722,1.10723,1.10666,1.10671,615,0,0
1.10672,1.10697,1.10651,1.1068,813,0,0
1.10679,1.10708,1.10676,1.10699,223,0,0
1.10698,1.10718,1.10663,1.10665,752,0,0
1.10664,1.10682,1.10602,1.10672,1091,0,0
1.10671,1.10708,1.10667,1.10698,609,0,0
1.10697,1.10728,1.10686,1.10721,474,0,0
1.1072,1.1073,1.10717,1.10727,304,0,0
1.10726,1.1076,1.1071,1.10729,335,0,0
1.1073,1.10788,1.10728,1.10762,814,0,0
1.10763,1.10791,1.10656,1.10658,1743,0,0
1.10657,1.10702,1.10634,1.10679,2573,0,0
1.1068,1.10683,1.1062,1.10659,2087,0,0
1.10658,1.10682,1.10633,1.10667,1327,0,0
1.10666,1.10751,1.10663,1.1075,1346,0,0
1.10749,1.10775,1.10709,1.10722,1375,0,0
1.10723,1.10791,1.10723,1.1075,1873,0,0
1.10749,1.10804,1.10696,1.10709,2392,0,0
1.1071,1.10815,1.10698,1.10781,2547,0,0
1.10782,1.10805,1.10714,1.10714,2226,0,0
1.10715,1.108,1.10715,1.10781,1579,0,0
1.1078,1.10805,1.10757,1.10804,1076,0,0
1.10803,1.10805,1.10737,1.10761,787,0,0
1.1076,1.10781,1.10736,1.10748,659,0,0
1.10747,1.10766,1.10715,1.10734,508,0,0
1.10735,1.10765,1.10721,1.10744,1046,0,0
1.10745,1.10766,1.10739,1.10756,1004,0,0
1.10757,1.10771,1.10743,1.10763,958,0,0
1.10762,1.10772,1.10679,1.10699,1500,0,0
1.107,1.10748,1.10677,1.10727,1094,0,0
1.10726,1.10728,1.10703,1.10716,483,0,0
1.10717,1.10719,1.10705,1.10707,278,0,0
1.10706,1.10729,1.10695,1.10718,393,0,0
1.10717,1.10717,1.10675,1.10678,435,0,0
1.10677,1.10701,1.10638,1.10663,1924,0,0
1.10662,1.10663,1.10536,1.10575,2855,0,0
1.10574,1.10639,1.10548,1.10612,2562,0,0
1.10611,1.10664,1.10602,1.10637,1574,0,0
1.10638,1.10638,1.1054,1.10542,2121,0,0
1.10541,1.10589,1.10527,1.10544,1824,0,0
1.10545,1.10618,1.10506,1.10614,1768,0,0
1.10613,1.10773,1.10556,1.10761,3015,0,0
1.10762,1.10789,1.10627,1.10632,3305,0,0
1.10633,1.10672,1.10584,1.10609,2587,0,0
1.1061,1.10669,1.10584,1.10643,1929,0,0
1.10642,1.10704,1.10604,1.10671,3015,0,0
1.1067,1.10702,1.10639,1.10675,2358,0,0
1.10674,1.10717,1.1067,1.10709,1122,0,0
1.10708,1.10725,1.10664,1.10689,554,0,0
1.10687,1.10741,1.10681,1.1072,850,0,0
1.10721,1.10769,1.10718,1.10755,545,0,0
1.10756,1.10769,1.10731,1.10731,833,0,0
1.10732,1.10756,1.10732,1.10748,1045,0,0
1.10747,1.10763,1.10724,1.1076,1442,0,0
1.10759,1.10759,1.10723,1.10729,593,0,0
1.10728,1.10734,1.10716,1.10726,383,0,0
1.10727,1.10754,1.10725,1.10734,366,0,0
1.10733,1.10751,1.10704,1.10721,531,0,0
1.1072,1.10728,1.10683,1.10702,1907,0,0
1.10703,1.1084,1.10703,1.10837,2848,0,0
1.10838,1.10864,1.10793,1.10839,2237,0,0
1.1084,1.10848,1.10776,1.10792,2033,0,0
1.10791,1.10859,1.10777,1.10829,1658,0,0
1.1083,1.10903,1.10802,1.10883,1684,0,0
1.10882,1.10945,1.1073,1.10734,3440,0,0
1.10733,1.10787,1.10691,1.10783,3231,0,0
1.10784,1.10799,1.10609,1.10735,3716,0,0
1.10736,1.10749,1.10619,1.10642,2406,0,0
1.10643,1.10648,1.10581,1.10602,1363,0,0
1.10601,1.10603,1.10546,1.10562,1303,0,0
1.10561,1.10581,1.10498,1.10563,1232,0,0
1.10562,1.10566,1.10523,1.10545,812,0,0
1.10546,1.10591,1.10522,1.10537,695,0,0
1.10538,1.10591,1.10527,1.10583,1204,0,0
1.10582,1.10634,1.10567,1.10631,519,0,0
1.1063,1.10634,1.10601,1.10602,830,0,0
1.10601,1.10624,1.10591,1.10618,921,0,0
1.10617,1.10628,1.10594,1.10611,468,0,0
1.10612,1.10615,1.10595,1.10611,311,0,0
1.10612,1.10614,1.10605,1.10611,224,0,0
1.10612,1.10647,1.10611,1.10637,355,0,0
1.10638,1.10698,1.10636,1.1068,780,0,0
1.10679,1.10701,1.10602,1.10627,1985,0,0
1.10628,1.10849,1.10562,1.10681,6366,0,0
1.1068,1.10681,1.10448,1.10584,6256,0,0
1.10583,1.10609,1.10541,1.10542,1843,0,0
1.10543,1.10626,1.10489,1.10623,2072,0,0
1.10622,1.1065,1.10516,1.10533,2040,0,0
1.10532,1.10588,1.10488,1.10557,2268,0,0
1.10558,1.10572,1.10409,1.10439,3124,0,0
1.1044,1.1044,1.10286,1.10318,3603,0,0
1.10317,1.10325,1.10248,1.10256,2388,0,0
1.10257,1.10286,1.10198,1.10213,1465,0,0
1.10212,1.10245,1.10211,1.10245,972,0,0
1.10244,1.10266,1.10121,1.10177,1488,0,0
1.10176,1.10204,1.10162,1.10203,865,0,0
1.10202,1.10207,1.10132,1.10166,1099,0,0
1.1016,1.10184,1.10114,1.10183,831,0,0
1.10182,1.10202,1.10176,1.10202,607,0,0
1.10203,1.10213,1.10176,1.10206,858,0,0
1.10207,1.10224,1.10192,1.10209,959,0,0
1.1021,1.10236,1.10197,1.10214,772,0,0
1.10213,1.10214,1.10161,1.10172,652,0,0
1.10173,1.10198,1.10171,1.10198,479,0,0
1.10197,1.10276,1.10185,1.10269,1123,0,0
1.10268,1.10268,1.10217,1.10237,1242,0,0
1.10236,1.10292,1.10204,1.10275,2283,0,0
1.10276,1.10296,1.10206,1.10214,2500,0,0
1.10213,1.10253,1.10079,1.1011,2824,0,0
1.10109,1.10131,1.10092,1.10107,1320,0,0
1.10106,1.10136,1.10083,1.10128,1080,0,0
1.10129,1.10137,1.10081,1.10103,1438,0,0
1.10104,1.10162,1.10031,1.10142,2419,0,0
1.10141,1.10185,1.10011,1.10185,3723,0,0
1.10184,1.10224,1.10081,1.10091,2846,0,0
1.1009,1.10117,1.10034,1.10061,2283,0,0
1.10062,1.10102,1.10032,1.10032,1442,0,0
1.10033,1.10074,1.10022,1.10055,1362,0,0
1.10054,1.10077,1.10042,1.10067,701,0,0
1.10066,1.1011,1.10061,1.10081,1164,0,0
1.1008,1.10099,1.10059,1.10095,579,0,0
1.10096,1.10111,1.10063,1.10098,1366,0,0
1.10099,1.10113,1.10075,1.10081,695,0,0
1.10082,1.10097,1.10058,1.10066,686,0,0
1.10067,1.10098,1.10048,1.10097,1500,0,0
1.10098,1.10098,1.10064,1.10072,1057,0,0
1.10073,1.10142,1.10071,1.10113,1187,0,0
1.10114,1.10128,1.10108,1.10118,665,0,0
1.10117,1.10126,1.10094,1.10124,593,0,0
1.10123,1.10144,1.10109,1.10115,531,0,0
1.10114,1.10143,1.10091,1.10131,1804,0,0
1.1013,1.10157,1.10097,1.10155,2796,0,0
1.10154,1.10174,1.10088,1.10118,2524,0,0
1.10117,1.10184,1.10112,1.10148,1635,0,0
1.10147,1.10157,1.10111,1.10147,1512,0,0
1.10148,1.10191,1.10126,1.1017,1734,0,0
1.10171,1.10224,1.10136,1.10149,2281,0,0
1.1015,1.10177,1.1006,1.10089,3026,0,0
1.1009,1.10162,1.10049,1.10096,3425,0,0
1.10097,1.10163,1.10088,1.10093,2679,0,0
1.10094,1.10193,1.1009,1.10177,1584,0,0
1.10178,1.10205,1.10149,1.10202,1091,0,0
1.10201,1.10204,1.10169,1.10199,1005,0,0
1.10198,1.10218,1.10185,1.10215,1018,0,0
1.10214,1.10231,1.10155,1.10156,686,0,0
1.10154,1.10201,1.10148,1.10195,640,0,0
1.10194,1.10209,1.10186,1.10196,366,0,0
1.10197,1.10197,1.10141,1.10154,1062,0,0
1.10155,1.10169,1.10127,1.10137,840,0,0
1.10136,1.10143,1.1011,1.10141,474,0,0
1.1014,1.10156,1.10117,1.10122,455,0,0
1.10121,1.10121,1.10081,1.10099,677,0,0
1.10098,1.10098,1.10057,1.10071,489,0,0
1.1007,1.10094,1.10056,1.10093,708,0,0
1.10094,1.10117,1.10052,1.10053,1548,0,0
1.10054,1.10088,1.10004,1.10058,2573,0,0
1.10059,1.10084,1.10011,1.10069,2223,0,0
1.10068,1.10074,1.10007,1.10024,1828,0,0
1.10023,1.10088,1.10023,1.10061,1924,0,0
1.1006,1.10086,1.10015,1.10069,1661,0,0
1.1007,1.1011,1.09962,1.09997,3674,0,0
1.09996,1.09998,1.09899,1.09932,3311,0,0
1.09931,1.10034,1.0993,1.09963,3228,0,0
1.09962,1.10002,1.09906,1.0999,2723,0,0
1.09989,1.10009,1.09975,1.09977,1271,0,0
1.09976,1.10023,1.09946,1.09987,1567,0,0
1.09986,1.1005,1.09983,1.10022,1486,0,0
1.10023,1.10023,1.0996,1.09987,1232,0,0
1.09986,1.09994,1.09929,1.09946,954,0,0
1.09945,1.10062,1.09943,1.10017,1571,0,0
1.10018,1.10037,1.1,1.10025,639,0,0
1.10026,1.10047,1.10009,1.10042,1000,0,0
1.10043,1.10057,1.10014,1.1005,731,0,0
1.10051,1.10054,1.10032,1.10047,581,0,0
1.10048,1.10048,1.10021,1.10027,349,0,0
1.10028,1.10042,1.10016,1.10042,262,0,0
1.10041,1.10057,1.10036,1.10045,395,0,0
1.10044,1.10073,1.1003,1.10053,651,0,0
1.10052,1.10101,1.10032,1.10091,1675,0,0
1.10092,1.10147,1.10059,1.10134,2117,0,0
1.10135,1.10154,1.10101,1.10115,1529,0,0
1.10114,1.10129,1.10076,1.10087,1341,0,0
1.10086,1.101,1.09993,1.09999,2339,0,0
1.1,1.10028,1.0998,1.10011,1599,0,0
1.10012,1.10068,1.09998,1.10057,1431,0,0
1.10056,1.10062,1.10015,1.10031,870,0,0
1.10032,1.10039,1.09997,1.10038,932,0,0
1.10037,1.10064,1.10021,1.10038,637,0,0
1.10037,1.10077,1.10036,1.10056,693,0,0
1.10055,1.10064,1.1004,1.10063,786,0,0
1.10062,1.10067,1.10043,1.10065,563,0,0
1.10066,1.10086,1.10058,1.10063,1793,0,0
1.10062,1.10076,1.10026,1.10036,2367,0,0
1.1004,1.10086,1.10035,1.1007,562,0,0
1.10069,1.10101,1.10061,1.1009,341,0,0
1.10089,1.10096,1.10058,1.1008,471,0,0
1.10079,1.10099,1.10075,1.10092,736,0,0
1.10091,1.10103,1.10077,1.10077,601,0,0
1.10078,1.10092,1.10067,1.10081,448,0,0
1.10082,1.10095,1.10073,1.1008,319,0,0
1.10081,1.10101,1.10075,1.1008,531,0,0
1.10081,1.10092,1.10066,1.10068,676,0,0
1.10069,1.10111,1.10044,1.10088,1484,0,0
1.10089,1.10098,1.10025,1.10029,1505,0,0
1.1003,1.10085,1.09997,1.10022,1877,0,0
1.10023,1.10046,1.09986,1.10024,1658,0,0
1.10025,1.10025,1.09911,1.09939,1524,0,0
1.0994,1.09979,1.0992,1.0994,1555,0,0
1.09938,1.09938,1.09787,1.09901,2950,0,0
1.099,1.10003,1.09876,1.09976,2492,0,0
1.09977,1.10258,1.09964,1.10251,4109,0,0
1.10252,1.10257,1.10122,1.10165,3484,0,0
1.10166,1.10204,1.10137,1.10137,2171,0,0
1.10138,1.10209,1.10137,1.10147,1507,0,0
1.10148,1.10153,1.10137,1.1015,3485,0,0
1.10151,1.10157,1.1014,1.10142,694,0,0
1.10143,1.10194,1.10116,1.10153,1540,0,0
1.10167,1.10219,1.1016,1.10172,885,0,0
1.10171,1.10171,1.10146,1.10159,701,0,0
1.10158,1.10171,1.10128,1.10171,914,0,0
1.10172,1.10184,1.10152,1.10159,528,0,0
1.1016,1.10188,1.10143,1.10144,602,0,0
1.10145,1.10164,1.10143,1.10154,440,0,0
1.10155,1.10182,1.10155,1.10162,278,0,0
1.10161,1.1018,1.10158,1.10167,368,0,0
1.10166,1.10168,1.10138,1.10144,595,0,0
1.10143,1.10203,1.10137,1.10148,2196,0,0
1.10147,1.10187,1.10107,1.1011,2849,0,0
1.10111,1.10146,1.10086,1.10119,2135,0,0
1.10118,1.10144,1.10092,1.10093,1392,0,0
1.10092,1.1013,1.10052,1.10058,1894,0,0
1.10059,1.10168,1.10005,1.10166,2238,0,0
1.10167,1.10343,1.10167,1.10303,3147,0,0
1.10302,1.10471,1.10302,1.10471,3195,0,0
1.10482,1.10741,1.10463,1.10684,7432,0,0
1.10683,1.10877,1.10683,1.10734,3448,0,0
1.10735,1.10755,1.10678,1.10725,2812,0,0
1.10726,1.10765,1.10678,1.10761,1550,0,0
1.1076,1.108,1.10703,1.1076,1334,0,0
1.10759,1.10826,1.10756,1.10824,1032,0,0
1.10823,1.10823,1.10726,1.10741,977,0,0
1.10742,1.10785,1.10717,1.10727,907,0,0
1.10726,1.10755,1.10722,1.10736,789,0,0
1.10737,1.10756,1.10702,1.10711,967,0,0
1.1071,1.10718,1.1069,1.10697,575,0,0
1.10698,1.10708,1.1069,1.10703,538,0,0
1.10702,1.10742,1.10692,1.10737,641,0,0
1.10736,1.10757,1.10716,1.10716,407,0,0
1.10715,1.10728,1.10692,1.10709,518,0,0
1.1071,1.10763,1.10697,1.10762,678,0,0
1.10763,1.10802,1.10724,1.10742,1701,0,0
1.10741,1.10829,1.10735,1.10819,2809,0,0
1.1082,1.10844,1.10741,1.10812,2670,0,0
1.10813,1.10836,1.10636,1.10704,4475,0,0
1.10705,1.10755,1.10693,1.10726,2356,0,0
1.10727,1.10754,1.10691,1.10711,2269,0,0
1.10712,1.10721,1.10666,1.107,1989,0,0
1.10699,1.10855,1.10675,1.10798,4285,0,0
1.10797,1.1085,1.10733,1.10797,3958,0,0
1.10798,1.10903,1.10757,1.10865,3122,0,0
1.10864,1.10911,1.10824,1.10859,1626,0,0
1.1086,1.10881,1.108,1.10802,1472,0,0
1.10803,1.10818,1.10777,1.10788,1133,0,0
1.10789,1.10808,1.10781,1.10783,858,0,0
1.10784,1.1079,1.10752,1.10766,605,0,0
1.10767,1.10789,1.10759,1.10779,775,0,0
1.10778,1.10809,1.10776,1.10794,573,0,0
1.10795,1.10819,1.10784,1.10793,1100,0,0
1.10794,1.10799,1.10743,1.10768,1332,0,0
1.10767,1.10786,1.10757,1.10773,493,0,0
1.10774,1.10789,1.10759,1.10767,487,0,0
1.10766,1.10768,1.10714,1.10726,700,0,0
1.10725,1.10732,1.10713,1.10728,476,0,0
1.10727,1.10746,1.10717,1.10729,521,0,0
1.1073,1.10765,1.10707,1.10753,1796,0,0
1.10754,1.10854,1.10723,1.10815,3476,0,0
1.10817,1.10854,1.10642,1.10701,5425,0,0
1.107,1.10749,1.1069,1.10717,2422,0,0
1.10718,1.10736,1.1065,1.10664,1941,0,0
1.10665,1.10786,1.10665,1.10757,2125,0,0
1.10758,1.11053,1.10738,1.11047,4674,0,0
1.11048,1.11068,1.10972,1.10993,3331,0,0
1.10998,1.11137,1.10788,1.10856,6962,0,0
1.10857,1.10888,1.1066,1.1073,3486,0,0
1.10731,1.10779,1.10715,1.10754,1971,0,0
1.10753,1.10754,1.10691,1.10706,1368,0,0
1.10705,1.10722,1.10648,1.10721,1283,0,0
1.10722,1.10776,1.10704,1.1077,1209,0,0
1.10769,1.10779,1.10707,1.10729,815,0,0
1.10728,1.10769,1.10726,1.10744,586,0,0
1.10745,1.10808,1.10744,1.10803,609,0,0
1.10802,1.10828,1.10776,1.10799,1058,0,0
1.10798,1.10823,1.1078,1.10818,976,0,0
1.10817,1.10818,1.10788,1.10804,657,0,0
1.10803,1.10844,1.10803,1.10828,470,0,0
1.10827,1.10828,1.10804,1.10807,311,0,0
1.10808,1.10829,1.10792,1.10807,480,0,0
1.10808,1.10815,1.10782,1.10799,622,0,0
1.108,1.10828,1.10774,1.10775,2726,0,0
1.10774,1.10889,1.10769,1.10867,2453,0,0
1.10868,1.10906,1.10867,1.10898,1452,0,0
1.10897,1.10898,1.10823,1.10863,1887,0,0
1.10862,1.10946,1.10821,1.10881,2040,0,0
1.1088,1.10983,1.1088,1.1094,1926,0,0
1.10941,1.10953,1.10866,1.10904,2694,0,0
1.10903,1.1102,1.10892,1.10976,2941,0,0
1.10977,1.11013,1.10878,1.10903,3096,0,0
1.10902,1.11023,1.10888,1.1101,2827,0,0
1.11011,1.11054,1.10986,1.11023,1653,0,0
1.11022,1.11023,1.10967,1.10985,1443,0,0
1.10986,1.10987,1.10937,1.10979,1039,0,0
1.10978,1.11021,1.10937,1.11005,1478,0,0
1.11003,1.11057,1.10987,1.10993,963,0,0
1.10994,1.11023,1.10987,1.11004,612,0,0
1.11005,1.11035,1.11005,1.11015,367,0,0
1.11016,1.11031,1.11006,1.11006,706,0,0
1.11007,1.11047,1.11007,1.11042,652,0,0
1.11043,1.11061,1.1104,1.11053,577,0,0
1.11052,1.11065,1.11043,1.11051,443,0,0
1.11052,1.11055,1.11037,1.11048,324,0,0
1.11049,1.11053,1.11036,1.1104,340,0,0
1.11039,1.11042,1.11006,1.1102,1071,0,0
1.11019,1.11048,1.1099,1.11046,1281,0,0
1.11047,1.11072,1.1103,1.11051,1810,0,0
1.11052,1.11065,1.10928,1.10942,1621,0,0
1.10941,1.1099,1.10902,1.10913,1603,0,0
1.10912,1.10951,1.10884,1.10909,1397,0,0
1.1091,1.10946,1.10859,1.10874,1506,0,0
1.10875,1.10965,1.10667,1.10757,6761,0,0
1.10758,1.10766,1.10546,1.10549,4297,0,0
1.1055,1.10631,1.10376,1.10481,5428,0,0
1.1048,1.10508,1.10435,1.10491,2253,0,0
1.1049,1.10533,1.10471,1.10524,1284,0,0
1.10525,1.10542,1.1048,1.10498,940,0,0
1.10499,1.10547,1.10498,1.10534,916,0,0
1.10535,1.10577,1.10515,1.10574,782,0,0
1.10575,1.10583,1.10544,1.10545,969,0,0
1.1054,1.1057,1.10517,1.10538,467,0,0
1.10539,1.10582,1.10537,1.10559,632,0,0
1.10558,1.10573,1.10519,1.1054,1002,0,0
1.10541,1.10562,1.10525,1.10547,777,0,0
1.10546,1.10547,1.10514,1.10516,612,0,0
1.10515,1.10526,1.10509,1.10521,375,0,0
1.10522,1.10547,1.1052,1.10541,330,0,0
1.10542,1.10574,1.10535,1.10564,434,0,0
1.10565,1.10614,1.1056,1.10592,1182,0,0
1.10591,1.10633,1.10587,1.1063,1632,0,0
1.10631,1.10668,1.1059,1.10612,1911,0,0
1.10613,1.10667,1.10611,1.1063,1514,0,0
1.10629,1.10714,1.10585,1.1068,1508,0,0
1.10681,1.10722,1.10661,1.10707,1514,0,0
1.10708,1.10754,1.10689,1.10754,1464,0,0
1.10753,1.10754,1.10678,1.10728,1958,0,0
1.10729,1.10745,1.10658,1.10699,1791,0,0
1.107,1.1073,1.1063,1.10666,2622,0,0
1.10667,1.10723,1.10639,1.10644,1921,0,0
1.10645,1.1065,1.10528,1.10544,1544,0,0
1.10543,1.10591,1.1053,1.10588,1098,0,0
1.10587,1.10624,1.10581,1.10615,1042,0,0
1.10614,1.10629,1.10596,1.10625,893,0,0
1.10624,1.10633,1.10605,1.10616,437,0,0
1.10615,1.10635,1.1061,1.10627,599,0,0
1.10628,1.10631,1.10603,1.10619,612,0,0
1.10618,1.10629,1.10604,1.10618,721,0,0
1.10619,1.10659,1.10606,1.10653,761,0,0
1.10654,1.10685,1.10646,1.10674,647,0,0
1.10675,1.10678,1.10646,1.1065,540,0,0
1.10651,1.10667,1.10628,1.10628,587,0,0
1.10627,1.10662,1.10626,1.10647,521,0,0
1.10646,1.10648,1.10626,1.10627,578,0,0
1.10628,1.10697,1.10627,1.10676,1221,0,0
1.10677,1.10733,1.10669,1.10711,2077,0,0
1.10712,1.10757,1.10699,1.10746,2446,0,0
1.10745,1.10773,1.10675,1.10742,2153,0,0
1.10743,1.1082,1.10732,1.10816,2156,0,0
1.10815,1.10822,1.10715,1.10732,1575,0,0
1.10733,1.10789,1.10717,1.10761,2810,0,0
1.10762,1.10818,1.1072,1.10781,3086,0,0
1.1078,1.10885,1.10715,1.10874,3056,0,0
1.10875,1.10942,1.10862,1.10871,2723,0,0
1.10872,1.10883,1.10822,1.10842,1564,0,0
1.10843,1.10918,1.10821,1.10876,1127,0,0
1.10875,1.10953,1.10872,1.10932,1182,0,0
1.10933,1.10942,1.10893,1.10932,1073,0,0
1.10933,1.10943,1.10909,1.10909,552,0,0
1.1091,1.10912,1.10883,1.1089,16,0,0
1.10899,1.10913,1.10878,1.10893,957,0,0
1.10894,1.10935,1.10884,1.10929,1104,0,0
1.1093,1.10931,1.1089,1.10904,581,0,0
1.10903,1.10916,1.10891,1.109,464,0,0
1.10899,1.10901,1.10869,1.10872,416,0,0
1.10873,1.10886,1.10855,1.1087,527,0,0
1.10869,1.10877,1.10832,1.10837,1043,0,0
1.10838,1.1085,1.10803,1.10816,1415,0,0
1.10815,1.10831,1.10769,1.10817,2496,0,0
1.10818,1.10846,1.10795,1.10812,2126,0,0
1.10811,1.10845,1.10762,1.10797,2512,0,0
1.10796,1.10828,1.10773,1.10794,1347,0,0
1.10793,1.10793,1.10678,1.107,1845,0,0
1.10701,1.10881,1.10701,1.10829,3083,0,0
1.1083,1.1095,1.1083,1.10883,3234,0,0
1.10884,1.10924,1.10807,1.10819,3019,0,0
1.1082,1.10934,1.1082,1.10888,2124,0,0
1.10889,1.10936,1.10873,1.10899,1766,0,0
1.10898,1.10994,1.1088,1.10956,1580,0,0
1.10954,1.11389,1.10858,1.1137,8236,0,0
1.11369,1.11424,1.11311,1.11364,4220,0,0
1.11363,1.1137,1.11258,1.11274,1490,0,0
1.11273,1.11311,1.11266,1.11292,765,0,0
1.11291,1.11316,1.11278,1.11302,585,0,0
1.11303,1.11356,1.1129,1.11355,1231,0,0
1.11354,1.11379,1.11332,1.11375,839,0,0
1.11376,1.11418,1.11349,1.11417,935,0,0
1.11416,1.11417,1.11394,1.11411,590,0,0
1.1141,1.11414,1.11391,1.11394,349,0,0
1.11393,1.11415,1.11374,1.11375,571,0,0
1.11376,1.11381,1.11338,1.1134,850,0,0
1.11341,1.11393,1.11338,1.11353,1656,0,0
1.11352,1.11369,1.11296,1.11332,1831,0,0
1.11333,1.11333,1.11223,1.11252,2221,0,0
1.11251,1.11306,1.11242,1.11265,1923,0,0
1.11264,1.11337,1.11247,1.11298,2569,0,0
1.11297,1.11343,1.11271,1.11295,1910,0,0
1.11296,1.11518,1.11247,1.11362,7838,0,0
1.11363,1.11459,1.11182,1.11224,8510,0,0
1.11225,1.11338,1.11089,1.11148,7132,0,0
1.11149,1.11191,1.1108,1.11119,4381,0,0
1.1112,1.11147,1.11056,1.11079,2997,0,0
1.11078,1.1111,1.11006,1.11075,3295,0,0
1.11074,1.11129,1.11015,1.11105,4739,0,0
1.11106,1.11325,1.11085,1.11297,4561,0,0
1.11296,1.11326,1.11227,1.11276,2312,0,0
1.1126,1.11955,1.1102,1.11796,9124,0,0
1.11797,1.11907,1.11733,1.11809,4794,0,0
1.11808,1.11809,1.11659,1.11674,3653,0,0
1.11673,1.11795,1.11656,1.11745,2984,0,0
1.11744,1.11787,1.11698,1.11714,1644,0,0
1.11713,1.11753,1.11677,1.11751,1959,0,0
1.11752,1.11754,1.11683,1.11685,1214,0,0
1.11686,1.11736,1.11682,1.11721,1286,0,0
1.11722,1.11722,1.11606,1.11645,2344,0,0
1.11644,1.11655,1.11605,1.11633,4989,0,0
1.11634,1.11785,1.11624,1.11748,5707,0,0
1.11749,1.11793,1.11664,1.11778,4736,0,0
1.11779,1.11825,1.11741,1.11772,3153,0,0
1.11773,1.11836,1.11716,1.11728,3049,0,0
1.11729,1.1181,1.11688,1.11688,2925,0,0
1.11689,1.11745,1.1164,1.11672,4932,0,0
1.11671,1.11704,1.11453,1.11503,7694,0,0
1.11504,1.11654,1.11231,1.1133,13039,0,0
1.11331,1.11362,1.11149,1.1125,5519,0,0
1.11251,1.11261,1.11099,1.11133,3202,0,0
1.11132,1.11188,1.11128,1.11168,1726,0,0
1.11169,1.11202,1.11155,1.11187,1394,0,0
1.11188,1.11193,1.11096,1.11144,1407,0,0
1.11143,1.11191,1.11124,1.11173,1494,0,0
1.11253,1.11273,1.11218,1.11253,884,0,0
1.11252,1.11265,1.11202,1.11218,2014,0,0
1.11219,1.1125,1.11206,1.11232,1225,0,0
1.11233,1.11267,1.11225,1.11257,842,0,0
1.11258,1.11299,1.11258,1.11267,930,0,0
1.11268,1.11302,1.11262,1.11301,653,0,0
1.11302,1.11305,1.11275,1.11304,499,0,0
1.11305,1.11343,1.11297,1.11325,817,0,0
1.11326,1.11412,1.11316,1.11404,1315,0,0
1.11403,1.11481,1.11372,1.1143,2894,0,0
1.11429,1.11438,1.11248,1.11289,4709,0,0
1.11288,1.11324,1.11238,1.11323,3244,0,0
1.11324,1.11415,1.11311,1.11361,2017,0,0
1.11362,1.11421,1.11346,1.1142,1533,0,0
1.11419,1.11443,1.11392,1.11422,1732,0,0
1.11423,1.11522,1.114,1.11511,3080,0,0
1.1151,1.1151,1.11424,1.1148,2319,0,0
1.11479,1.11555,1.11331,1.11344,3147,0,0
1.11345,1.1144,1.11325,1.11363,2828,0,0
1.11362,1.11434,1.11355,1.11404,1530,0,0
1.11405,1.11453,1.11392,1.11435,1155,0,0
1.11436,1.11456,1.1141,1.1145,988,0,0
1.11449,1.11451,1.11415,1.1142,934,0,0
1.11419,1.11426,1.11364,1.11391,801,0,0
1.1139,1.11532,1.11346,1.11353,1716,0,0
1.11352,1.11385,1.1132,1.11333,1690,0,0
1.11334,1.11361,1.11317,1.11348,1588,0,0
1.11349,1.11379,1.11344,1.11367,1056,0,0
1.11366,1.11423,1.11366,1.11417,698,0,0
1.11418,1.11454,1.11418,1.11445,710,0,0
1.11446,1.11468,1.11428,1.11449,644,0,0
1.11448,1.11469,1.11442,1.1145,601,0,0
1.11451,1.11457,1.11394,1.11434,1145,0,0
1.11435,1.1144,1.11377,1.114,1805,0,0
1.11399,1.11419,1.11269,1.11357,4378,0,0
1.11358,1.11495,1.11328,1.11476,3554,0,0
1.11475,1.11575,1.11431,1.1157,3290,0,0
1.11571,1.11644,1.11534,1.11584,2740,0,0
1.11583,1.11721,1.11563,1.11672,2646,0,0
1.11673,1.11693,1.11421,1.11436,4509,0,0
1.11437,1.11514,1.11437,1.1148,3163,0,0
1.11481,1.11554,1.11481,1.11534,3278,0,0
1.11535,1.11548,1.11435,1.11452,2936,0,0
1.11451,1.11527,1.11442,1.11493,2014,0,0
1.11492,1.11513,1.11466,1.11478,1140,0,0
1.11477,1.11506,1.11438,1.11449,1062,0,0
1.1145,1.11471,1.11432,1.11439,830,0,0
1.1144,1.11472,1.11431,1.11452,938,0,0
1.11451,1.11505,1.11445,1.11488,1256,0,0
1.11489,1.11508,1.11472,1.11491,365,0,0
1.1149,1.1149,1.11435,1.11447,720,0,0
1.11448,1.11449,1.11365,1.11385,1201,0,0
1.11386,1.11398,1.11318,1.11343,1342,0,0
1.11344,1.11344,1.11285,1.11313,913,0,0
1.11314,1.11319,1.11288,1.11288,564,0,0
1.11289,1.11327,1.11269,1.11327,831,0,0
1.11326,1.11364,1.11319,1.1136,1095,0,0
1.11359,1.11375,1.11273,1.11283,2376,0,0
1.11284,1.11329,1.11251,1.11265,2901,0,0
1.11266,1.11402,1.11239,1.11306,2931,0,0
1.11305,1.11343,1.11295,1.11312,1587,0,0
1.11311,1.11341,1.11207,1.11255,2670,0,0
1.11254,1.11256,1.11176,1.11198,2644,0,0
1.11199,1.11206,1.1108,1.11149,3335,0,0
1.11148,1.11222,1.11132,1.11132,2707,0,0
1.11133,1.11318,1.11126,1.11233,3330,0,0
1.11232,1.11255,1.11091,1.11095,3073,0,0
1.11096,1.11163,1.11093,1.11156,1710,0,0
1.11157,1.11174,1.1112,1.11133,1054,0,0
1.11132,1.11181,1.11127,1.11129,1012,0,0
1.11128,1.11169,1.11122,1.11168,913,0,0
1.11169,1.11172,1.1108,1.11088,1230,0,0
1.11087,1.11134,1.11081,1.11124,1055,0,0
1.11125,1.1115,1.11102,1.1113,678,0,0
1.11129,1.11188,1.11119,1.11142,1036,0,0
1.11143,1.11223,1.11137,1.11211,1170,0,0
1.1121,1.11247,1.11206,1.11242,564,0,0
1.11241,1.113,1.11239,1.11275,916,0,0
1.11274,1.11275,1.11232,1.11233,657,0,0
1.11234,1.11265,1.11231,1.11244,741,0,0
1.11243,1.11278,1.11223,1.11277,811,0,0
1.11276,1.11293,1.11235,1.11239,2103,0,0
1.1124,1.11285,1.11218,1.11267,2555,0,0
1.11268,1.11368,1.11257,1.1134,2425,0,0
1.11339,1.11419,1.11289,1.11416,2098,0,0
1.11415,1.11416,1.11226,1.11246,2669,0,0
1.11245,1.11302,1.11113,1.11136,3563,0,0
1.11137,1.11219,1.11076,1.1112,4508,0,0
1.11119,1.11219,1.11076,1.112,3274,0,0
1.11199,1.11247,1.11049,1.11129,4276,0,0
1.11128,1.11264,1.11099,1.11251,3718,0,0
1.11252,1.11282,1.11201,1.11227,1630,0,0
1.11228,1.1127,1.11224,1.1125,1429,0,0
1.11249,1.11255,1.11208,1.11217,1001,0,0
1.11216,1.11243,1.11205,1.11215,960,0,0
1.11214,1.11217,1.11125,1.11177,693,0,0
1.11178,1.11223,1.11158,1.11199,1009,0,0
1.112,1.11224,1.11188,1.11208,686,0,0
1.11207,1.11209,1.11151,1.11174,846,0,0
1.11173,1.11179,1.11136,1.11161,1254,0,0
1.1116,1.1116,1.1112,1.11133,897,0,0
1.11134,1.11145,1.11119,1.11131,612,0,0
1.11132,1.11152,1.11114,1.11133,546,0,0
1.11132,1.11178,1.11129,1.11171,643,0,0
1.1117,1.11171,1.11124,1.11144,825,0,0
1.11143,1.11169,1.11127,1.11158,1579,0,0
1.11157,1.11213,1.11133,1.11195,2601,0,0
1.11196,1.112,1.11126,1.11184,2345,0,0
1.11183,1.11197,1.11094,1.11104,2100,0,0
1.11105,1.11105,1.10876,1.10949,3909,0,0
1.1095,1.11013,1.10924,1.10977,2134,0,0
1.10976,1.10986,1.10837,1.10888,2892,0,0
1.10889,1.10893,1.10794,1.10812,2703,0,0
1.10811,1.10855,1.10789,1.1084,3274,0,0
1.10839,1.10846,1.10708,1.10732,2696,0,0
1.10731,1.10733,1.10653,1.1066,1018,0,0
1.10661,1.10687,1.10639,1.10657,1061,0,0
1.10658,1.10744,1.10658,1.10728,1002,0,0
1.10729,1.10762,1.10728,1.10747,1029,0,0
1.10748,1.10775,1.10684,1.10775,1072,0,0
1.10771,1.10771,1.10728,1.10746,502,0,0
1.10747,1.1078,1.10737,1.10779,997,0,0
1.10778,1.10778,1.10706,1.10738,1226,0,0
1.10739,1.10764,1.10722,1.1076,1057,0,0
1.10759,1.10761,1.10723,1.1076,686,0,0
1.10759,1.10807,1.10753,1.10787,572,0,0
1.10788,1.10795,1.10755,1.10759,465,0,0
1.1076,1.10808,1.10753,1.10798,696,0,0
1.10799,1.10839,1.10799,1.10815,1029,0,0
1.10816,1.10835,1.10791,1.10813,1676,0,0
1.10814,1.10862,1.10778,1.10813,2320,0,0
1.10814,1.10845,1.10783,1.10811,2008,0,0
1.1081,1.10858,1.10786,1.10806,2633,0,0
1.10805,1.1081,1.10741,1.10786,2100,0,0
1.10785,1.10786,1.10693,1.10718,2545,0,0
1.10719,1.10812,1.10676,1.10778,2781,0,0
1.10777,1.10849,1.10741,1.10848,2196,0,0
1.10847,1.10935,1.10831,1.10847,2743,0,0
1.10848,1.10918,1.10823,1.10873,2187,0,0
1.10874,1.10896,1.10831,1.10884,1677,0,0
1.10883,1.10905,1.10846,1.10873,1214,0,0
1.10874,1.10921,1.10874,1.1091,1002,0,0
1.10909,1.10924,1.10892,1.10899,872,0,0
1.10898,1.1092,1.1084,1.1084,619,0,0
1.10841,1.10877,1.10841,1.10866,945,0,0
1.10865,1.10908,1.10859,1.10895,884,0,0
1.10896,1.10915,1.10874,1.10886,1050,0,0
1.10885,1.10901,1.10845,1.10855,1083,0,0
1.10854,1.10862,1.10828,1.10854,907,0,0
1.10853,1.10874,1.10835,1.10868,612,0,0
1.10867,1.10872,1.10853,1.10857,449,0,0
1.10856,1.10871,1.1085,1.10871,573,0,0
1.1087,1.10874,1.10832,1.1085,915,0,0
1.10849,1.10864,1.10779,1.10829,1855,0,0
1.10828,1.10856,1.10795,1.10815,2094,0,0
1.10816,1.10828,1.10725,1.10725,2084,0,0
1.10726,1.10747,1.10681,1.10698,1582,0,0
1.10699,1.10727,1.10666,1.10713,1867,0,0
1.10714,1.10825,1.10704,1.10807,1367,0,0
1.10808,1.10829,1.10737,1.10757,2218,0,0
1.10758,1.10809,1.10752,1.10791,1581,0,0
1.1079,1.10877,1.10775,1.10876,2002,0,0
1.10877,1.1091,1.10818,1.10818,1267,0,0
1.10819,1.10855,1.10802,1.10854,1169,0,0
1.10853,1.10854,1.10843,1.10843,39,0,0
1.10849,1.10883,1.10849,1.10874,514,0,0
1.10875,1.1093,1.10873,1.10922,759,0,0
1.10921,1.10925,1.10867,1.10867,834,0,0
1.10868,1.10896,1.10856,1.10886,886,0,0
1.10887,1.10905,1.10873,1.10901,550,0,0
1.10902,1.10918,1.10877,1.10877,455,0,0
1.10878,1.10889,1.1086,1.10868,301,0,0
1.10867,1.10888,1.10867,1.10876,521,0,0
1.10875,1.10875,1.10836,1.10837,240,0,0
1.10838,1.10894,1.10837,1.10879,569,0,0
1.1088,1.1094,1.10877,1.10912,819,0,0
1.10911,1.10924,1.10891,1.10892,553,0,0
1.10893,1.10895,1.10815,1.10824,727,0,0
1.10823,1.10848,1.10798,1.10831,536,0,0
1.1083,1.10904,1.1083,1.10901,701,0,0
1.10902,1.10975,1.1088,1.10957,1330,0,0
1.10958,1.10976,1.10877,1.10885,822,0,0
1.10884,1.10975,1.10876,1.10966,1024,0,0
1.10967,1.10998,1.10931,1.10997,867,0,0
1.10998,1.11025,1.10998,1.11002,554,0,0
1.11003,1.11065,1.10998,1.11064,589,0,0
1.11065,1.11065,1.11006,1.11007,793,0,0
1.11006,1.11022,1.10972,1.11005,929,0,0
1.11004,1.11009,1.1091,1.10934,883,0,0
1.10935,1.10942,1.10908,1.10922,576,0,0
1.10921,1.10989,1.1092,1.10989,1619,0,0
1.10988,1.11025,1.10964,1.10987,1924,0,0
1.10986,1.11074,1.10971,1.11068,1778,0,0
1.11067,1.1115,1.11059,1.11141,1701,0,0
1.11142,1.11176,1.11137,1.11162,1299,0,0
1.11163,1.1119,1.11141,1.1118,1039,0,0
1.11179,1.11198,1.11172,1.11183,992,0,0
1.11182,1.11193,1.11151,1.11174,1058,0,0
1.11173,1.11274,1.11166,1.1127,2968,0,0
1.11271,1.11394,1.11271,1.11304,4044,0,0
1.11305,1.11363,1.11288,1.11362,2421,0,0
1.11361,1.11464,1.11341,1.11463,3032,0,0
1.11462,1.11474,1.11411,1.11452,2709,0,0
1.11451,1.11529,1.11432,1.11504,2933,0,0
1.11503,1.11568,1.11486,1.11511,2576,0,0
1.11512,1.11611,1.11496,1.11557,2890,0,0
1.11556,1.11769,1.1155,1.11605,3967,0,0
1.11606,1.1174,1.11561,1.11709,3264,0,0
1.1171,1.1182,1.11697,1.11811,1862,0,0
1.11812,1.11819,1.1175,1.11813,1674,0,0
1.11812,1.11858,1.11767,1.11849,1831,0,0
1.1185,1.1185,1.11729,1.11736,1511,0,0
1.11735,1.11751,1.11685,1.11694,992,0,0
1.11708,1.11756,1.11677,1.11753,1787,0,0
1.11758,1.11814,1.11735,1.11788,1089,0,0
1.11789,1.11854,1.11781,1.11852,1278,0,0
1.11853,1.11929,1.11847,1.11922,1226,0,0
1.11921,1.12024,1.11892,1.12019,1481,0,0
1.12018,1.12084,1.11957,1.11968,1668,0,0
1.11967,1.11989,1.11935,1.11944,1218,0,0
1.11943,1.12029,1.1193,1.12003,1223,0,0
1.12004,1.12005,1.11897,1.11932,1337,0,0
1.11931,1.12034,1.11923,1.11937,2956,0,0
1.11936,1.12022,1.11912,1.11944,3236,0,0
1.11945,1.11975,1.11875,1.1197,2500,0,0
1.11969,1.11999,1.11873,1.11914,2529,0,0
1.11915,1.12,1.11882,1.11894,2324,0,0
1.11893,1.11919,1.11837,1.11872,2095,0,0
1.11871,1.11926,1.11792,1.11924,3288,0,0
1.11923,1.12055,1.11862,1.12035,4703,0,0
1.12036,1.12045,1.11946,1.11985,4186,0,0
1.11986,1.12183,1.11984,1.12137,3370,0,0
1.12138,1.12143,1.12065,1.12082,1611,0,0
1.12083,1.12098,1.11996,1.12006,1310,0,0
1.12007,1.1202,1.11975,1.11996,1052,0,0
1.11997,1.12011,1.1194,1.1196,1372,0,0
1.11959,1.12004,1.1193,1.11939,648,0,0
1.11938,1.11998,1.11935,1.11971,1409,0,0
1.11974,1.12011,1.11974,1.11989,643,0,0
1.11988,1.12027,1.11986,1.12011,735,0,0
1.12012,1.12114,1.12011,1.12102,1258,0,0
1.12101,1.12123,1.12074,1.12075,948,0,0
1.12074,1.12074,1.11964,1.12011,945,0,0
1.1201,1.1203,1.12004,1.12009,428,0,0
1.12008,1.12046,1.11997,1.12046,686,0,0
1.12045,1.12046,1.12017,1.12035,713,0,0
1.12036,1.12058,1.12007,1.12032,1569,0,0
1.12033,1.1211,1.12005,1.12097,2294,0,0
1.12096,1.12151,1.12048,1.12112,1975,0,0
1.12113,1.12155,1.12061,1.12149,2152,0,0
1.1215,1.12259,1.12137,1.12255,3162,0,0
1.12254,1.12305,1.12247,1.12282,2073,0,0
1.12283,1.12366,1.12265,1.12355,2500,0,0
1.12356,1.12368,1.12157,1.12182,3500,0,0
1.12181,1.12303,1.12148,1.12214,6028,0,0
1.12213,1.12288,1.12139,1.1224,4776,0,0
1.12241,1.1227,1.12205,1.12265,2216,0,0
1.12266,1.12266,1.12237,1.12238,66,0,0
1.12192,1.12192,1.11985,1.11987,1042,0,0
1.11988,1.1202,1.11985,1.1202,1061,0,0
1.12021,1.12053,1.12014,1.12044,1070,0,0
1.12047,1.12078,1.12019,1.12074,2342,0,0
1.12075,1.12112,1.12027,1.12096,2769,0,0
1.12095,1.12115,1.11987,1.12007,2240,0,0
1.12006,1.12015,1.11903,1.11959,1977,0,0
1.1196,1.11998,1.11818,1.11824,2704,0,0
1.11823,1.11919,1.11806,1.11907,2385,0,0
1.11906,1.11947,1.11873,1.11937,2759,0,0
1.11938,1.1194,1.11677,1.11717,4461,0,0
1.11716,1.11999,1.11684,1.11981,5413,0,0
1.11982,1.12006,1.11628,1.11638,4355,0,0
1.11639,1.11694,1.11612,1.11674,2418,0,0
1.11675,1.11698,1.11612,1.11678,1871,0,0
1.11677,1.11679,1.11619,1.11639,1624,0,0
1.11638,1.11691,1.11634,1.11668,1375,0,0
1.11669,1.1171,1.11665,1.11673,665,0,0
1.11672,1.11705,1.11648,1.11678,646,0,0
1.11677,1.11711,1.11677,1.11684,512,0,0
1.11685,1.11737,1.11674,1.11731,656,0,0
1.1173,1.11761,1.11698,1.11712,1385,0,0
1.11711,1.11752,1.11694,1.11701,2288,0,0
1.11702,1.11712,1.11671,1.11698,1407,0,0
1.11697,1.11725,1.11662,1.11676,908,0,0
1.11677,1.11681,1.1162,1.1164,1618,0,0
1.11639,1.11671,1.11616,1.11668,1362,0,0
1.11667,1.11691,1.11497,1.11508,4264,0,0
1.11509,1.1158,1.11482,1.11487,3901,0,0
1.11488,1.11498,1.11376,1.11377,3781,0,0
1.11378,1.1141,1.11283,1.11337,3888,0,0
1.11336,1.11336,1.11226,1.11275,3047,0,0
1.11276,1.11402,1.11258,1.11365,2457,0,0
1.11366,1.11464,1.11349,1.11359,3301,0,0
1.11358,1.11517,1.11329,1.11502,3422,0,0
1.11503,1.11649,1.11503,1.11609,5854,0,0
1.1161,1.11774,1.11601,1.11695,3472,0,0
1.11696,1.11716,1.11656,1.11697,1897,0,0
1.11698,1.11708,1.11637,1.11644,2403,0,0
1.11645,1.11657,1.11588,1.11649,2309,0,0
1.1165,1.1165,1.11576,1.11591,1053,0,0
1.1159,1.11596,1.11474,1.11555,952,0,0
1.11568,1.11619,1.11543,1.11557,572,0,0
1.11556,1.11652,1.11556,1.11581,2479,0,0
1.1158,1.11659,1.11577,1.11612,1921,0,0
1.11613,1.11631,1.11589,1.11604,1616,0,0
1.11605,1.11647,1.11599,1.1163,861,0,0
1.11631,1.11686,1.1163,1.11634,1122,0,0
1.11635,1.11638,1.11593,1.11619,927,0,0
1.1162,1.11627,1.11581,1.116,692,0,0
1.11599,1.11601,1.11547,1.11585,1344,0,0
1.11584,1.11643,1.11573,1.11622,2662,0,0
1.11623,1.11774,1.11607,1.11762,3721,0,0
1.11763,1.11912,1.11728,1.11909,3318,0,0
1.1191,1.11971,1.11875,1.11939,2672,0,0
1.11938,1.12032,1.11938,1.12008,2803,0,0
1.12009,1.12019,1.11927,1.11957,1852,0,0
1.11958,1.12008,1.11887,1.11952,2889,0,0
1.11953,1.11978,1.11801,1.11808,3148,0,0
1.11807,1.11877,1.11797,1.11862,3856,0,0
1.11863,1.11872,1.11786,1.11848,2486,0,0
1.11847,1.11935,1.11817,1.11926,1646,0,0
1.11927,1.11954,1.11894,1.11895,1248,0,0
1.11894,1.11905,1.11855,1.11888,1136,0,0
1.11889,1.11914,1.11865,1.11913,1272,0,0
1.11912,1.11967,1.11905,1.11922,707,0,0
1.11919,1.11927,1.11891,1.11918,952,0,0
1.11919,1.1195,1.11917,1.1193,973,0,0
1.11929,1.11931,1.11867,1.11874,1204,0,0
1.11875,1.11946,1.11872,1.1191,1004,0,0
1.11909,1.11909,1.11886,1.11891,597,0,0
1.1189,1.1192,1.11888,1.11897,658,0,0
1.11898,1.1191,1.11882,1.11885,596,0,0
1.11886,1.11901,1.11803,1.11805,800,0,0
1.11806,1.11873,1.11785,1.11792,2817,0,0
1.11793,1.1183,1.11706,1.11717,3587,0,0
1.11718,1.11851,1.11702,1.11822,3826,0,0
1.11823,1.11872,1.11782,1.11822,3119,0,0
1.11823,1.11837,1.11625,1.11738,3758,0,0
1.11739,1.11825,1.11697,1.11793,2807,0,0
1.11794,1.11808,1.11685,1.11723,2716,0,0
1.11724,1.11753,1.11523,1.11538,4529,0,0
1.11537,1.11598,1.11441,1.11456,4351,0,0
1.11454,1.11493,1.11319,1.11392,5417,0,0
1.11391,1.11416,1.11312,1.11345,2654,0,0
1.11346,1.11448,1.11342,1.114,2035,0,0
1.11401,1.11471,1.11389,1.11412,1478,0,0
1.11413,1.11425,1.11393,1.1142,1523,0,0
1.11421,1.11452,1.114,1.11414,1091,0,0
1.11415,1.11496,1.11413,1.11484,1314,0,0
1.11483,1.1149,1.11408,1.11449,2060,0,0
1.11447,1.11521,1.11431,1.11516,2665,0,0
1.11515,1.11658,1.11501,1.11563,6568,0,0
1.11564,1.11608,1.11525,1.11533,4245,0,0
1.11534,1.11589,1.11506,1.11562,3994,0,0
1.11563,1.11567,1.11512,1.11523,1946,0,0
1.11522,1.11534,1.11428,1.11453,1460,0,0
1.11454,1.11488,1.1145,1.11468,1515,0,0
1.11467,1.11514,1.11461,1.11478,1732,0,0
1.11479,1.11524,1.11408,1.11488,4597,0,0
1.11487,1.11508,1.11277,1.11325,6359,0,0
1.11326,1.11424,1.11229,1.1136,3644,0,0
1.11361,1.11362,1.1123,1.11249,3654,0,0
1.11248,1.11287,1.11174,1.11248,3572,0,0
1.11247,1.11281,1.11116,1.11143,3431,0,0
1.11142,1.11199,1.11088,1.11176,4748,0,0
1.11175,1.11245,1.11151,1.11222,3298,0,0
1.11221,1.11284,1.11127,1.11174,4076,0,0
1.11173,1.11177,1.11063,1.1114,5285,0,0
1.11139,1.11235,1.11107,1.11156,3927,0,0
1.11155,1.11155,1.11081,1.11108,1981,0,0
1.11109,1.11116,1.11058,1.11089,1460,0,0
1.11088,1.11122,1.11073,1.11095,1863,0,0
1.11096,1.11104,1.10969,1.11005,1206,0,0
1.11006,1.11096,1.10983,1.11062,1496,0,0
1.11063,1.11106,1.11034,1.11106,501,0,0
1.11105,1.11135,1.11068,1.1111,1827,0,0
1.11111,1.1117,1.11087,1.11149,1490,0,0
1.11148,1.11166,1.11122,1.11128,1060,0,0
1.11129,1.11154,1.11117,1.1113,849,0,0
1.11131,1.11135,1.11102,1.11131,577,0,0
1.1113,1.11165,1.11127,1.11159,813,0,0
1.11158,1.11166,1.11087,1.11099,1528,0,0
1.111,1.1118,1.11088,1.11127,2830,0,0
1.11128,1.11153,1.11028,1.11149,3419,0,0
1.11148,1.11165,1.1096,1.1097,4421,0,0
1.10971,1.11093,1.10943,1.11073,2663,0,0
1.11072,1.11103,1.1101,1.11022,2004,0,0
1.11023,1.11143,1.11009,1.11112,2905,0,0
1.11111,1.11148,1.11034,1.11124,3219,0,0
1.11123,1.11124,1.11014,1.11058,2970,0,0
1.11057,1.11083,1.10901,1.10998,3668,0,0
1.10997,1.11037,1.10915,1.11036,2952,0,0
1.11037,1.11089,1.11014,1.11022,1743,0,0
1.11023,1.11061,1.1101,1.11027,2035,0,0
1.11028,1.11074,1.11026,1.11037,885,0,0
1.11036,1.11049,1.11014,1.11039,1041,0,0
1.11038,1.11046,1.10999,1.11012,784,0,0
1.11011,1.11028,1.10988,1.11028,649,0,0
1.11029,1.1107,1.11025,1.11068,498,0,0
1.11069,1.11071,1.11037,1.11045,1098,0,0
1.11046,1.11049,1.10997,1.11019,834,0,0
1.1102,1.11059,1.11011,1.11056,880,0,0
1.11057,1.11064,1.11047,1.11057,562,0,0
1.11058,1.11086,1.11041,1.11051,637,0,0
1.11052,1.11076,1.11046,1.11066,717,0,0
1.11067,1.11077,1.11045,1.11068,741,0,0
1.11067,1.11087,1.11021,1.11045,1604,0,0
1.11046,1.11067,1.10911,1.10971,2809,0,0
1.1097,1.10976,1.10888,1.1094,2904,0,0
1.10941,1.1096,1.10879,1.10902,2188,0,0
1.10901,1.10937,1.10827,1.10906,2201,0,0
1.10905,1.10968,1.10894,1.10959,1646,0,0
1.1096,1.11113,1.10874,1.10943,6904,0,0
1.10942,1.1101,1.10839,1.10983,5085,0,0
1.10981,1.11154,1.10959,1.11103,4571,0,0
1.11104,1.1118,1.11088,1.11156,2880,0,0
1.11157,1.11267,1.11156,1.11201,1937,0,0
1.112,1.11208,1.1116,1.11161,1027,0,0
1.11162,1.11208,1.11148,1.11196,1030,0,0
1.11197,1.11197,1.1117,1.11187,873,0,0
1.11188,1.11201,1.11137,1.11151,713,0,0
1.11137,1.11162,1.11091,1.11132,790,0,0
1.11133,1.11159,1.11111,1.11139,627,0,0
1.11138,1.11164,1.11136,1.11163,583,0,0
1.11164,1.11189,1.11149,1.11188,731,0,0
1.11189,1.11236,1.11176,1.11233,487,0,0
1.11234,1.11274,1.11228,1.11268,797,0,0
1.11269,1.11281,1.11248,1.11249,451,0,0
1.11248,1.11294,1.11247,1.11273,603,0,0
1.11272,1.11277,1.11226,1.11264,913,0,0
1.11263,1.11277,1.11196,1.11203,2162,0,0
1.11202,1.11272,1.11177,1.11256,2616,0,0
1.11258,1.11336,1.11123,1.11127,3729,0,0
1.11128,1.11171,1.11101,1.11144,2259,0,0
1.11143,1.11217,1.1114,1.1118,1923,0,0
1.11181,1.11237,1.1116,1.11222,2125,0,0
1.11221,1.11259,1.11158,1.11162,2556,0,0
1.11163,1.11243,1.11152,1.11216,3253,0,0
1.11215,1.11355,1.11186,1.11306,3317,0,0
1.11305,1.11444,1.11302,1.11349,2700,0,0
1.11348,1.11394,1.11331,1.11375,1516,0,0
1.11376,1.11424,1.1136,1.11373,1271,0,0
1.11372,1.11389,1.11352,1.11357,922,0,0
1.11356,1.11362,1.11338,1.11352,877,0,0
1.11353,1.11355,1.11283,1.11291,630,0,0
1.1129,1.1135,1.11271,1.11315,1281,0,0
1.11316,1.11342,1.11311,1.11322,415,0,0
1.11321,1.11398,1.11316,1.1136,1196,0,0
1.11361,1.11386,1.11289,1.11348,2061,0,0
1.11347,1.11362,1.1133,1.11349,952,0,0
1.1135,1.11364,1.11328,1.11332,796,0,0
1.11333,1.11358,1.11333,1.11342,561,0,0
1.11341,1.11361,1.11336,1.11347,545,0,0
1.11346,1.11421,1.11325,1.1142,1383,0,0
1.11419,1.11419,1.11349,1.114,2497,0,0
1.11399,1.11417,1.11309,1.11328,3383,0,0
1.11327,1.11332,1.11279,1.11289,2267,0,0
1.1129,1.1133,1.1126,1.11315,1732,0,0
1.11316,1.11321,1.1124,1.11279,2689,0,0
1.11278,1.11279,1.11171,1.11182,2475,0,0
1.11183,1.11184,1.11028,1.11078,4980,0,0
1.11077,1.1121,1.1102,1.11193,4418,0,0
1.11194,1.11208,1.11113,1.11197,3799,0,0
1.11198,1.1128,1.11179,1.11272,2470,0,0
1.11271,1.11303,1.1125,1.11286,1501,0,0
1.11285,1.11324,1.11275,1.1129,1981,0,0
1.11291,1.11306,1.11255,1.11256,1460,0,0
1.11255,1.11278,1.11247,1.1126,1272,0,0
1.11259,1.1126,1.11208,1.11234,592,0,0
1.11237,1.11244,1.11215,1.11224,559,0,0
1.11225,1.11256,1.11224,1.11252,464,0,0
1.11251,1.11283,1.11247,1.11271,683,0,0
1.11272,1.11288,1.11248,1.11272,902,0,0
1.11271,1.11288,1.11246,1.11267,863,0,0
1.11268,1.11287,1.11257,1.11278,641,0,0
1.11279,1.11314,1.11273,1.11307,563,0,0
1.11306,1.11322,1.11293,1.11316,450,0,0
1.11315,1.11341,1.11299,1.11331,729,0,0
1.11332,1.11344,1.11246,1.1126,1577,0,0
1.11261,1.11284,1.11161,1.11277,2697,0,0
1.11276,1.1131,1.11232,1.11258,2645,0,0
1.11259,1.11369,1.11225,1.11363,1827,0,0
1.11362,1.11524,1.11356,1.11456,3700,0,0
1.11455,1.11501,1.11373,1.11385,2461,0,0
1.11387,1.1147,1.11377,1.11466,3399,0,0
1.11465,1.11609,1.11462,1.11499,3734,0,0
1.11498,1.11522,1.11408,1.11497,3405,0,0
1.11498,1.11575,1.11472,1.11572,2745,0,0
1.11573,1.11591,1.11539,1.11552,1747,0,0
1.11553,1.11571,1.11474,1.11492,1314,0,0
1.11491,1.11515,1.1147,1.1148,1121,0,0
1.11479,1.11505,1.11457,1.115,1082,0,0
1.11499,1.115,1.11442,1.11447,612,0,0
1.11448,1.11513,1.11445,1.11478,2153,0,0
1.11477,1.11502,1.11477,1.115,456,0,0
1.11501,1.11557,1.115,1.11524,1087,0,0
1.11523,1.11529,1.11506,1.11512,661,0,0
1.11511,1.11513,1.11484,1.11493,438,0,0
1.11492,1.11526,1.1149,1.11504,570,0,0
1.11503,1.11511,1.11483,1.11486,508,0,0
1.11487,1.11501,1.11472,1.11474,456,0,0
1.11473,1.1148,1.11423,1.1148,1117,0,0
1.11479,1.11504,1.11426,1.11453,2011,0,0
1.11454,1.11613,1.11434,1.11539,3053,0,0
1.1154,1.11569,1.11479,1.11508,2766,0,0
1.11509,1.11608,1.11503,1.1155,1909,0,0
1.11549,1.11582,1.11533,1.11565,1537,0,0
1.11564,1.11701,1.11543,1.11624,2835,0,0
1.11625,1.11673,1.11475,1.1149,4730,0,0
1.11491,1.11577,1.11387,1.11391,4232,0,0
1.1139,1.11444,1.11287,1.11382,5203,0,0
1.11379,1.11399,1.11255,1.11279,3465,0,0
1.1128,1.11336,1.11268,1.11322,1592,0,0
1.11323,1.11337,1.11293,1.11323,1313,0,0
1.11322,1.11332,1.11301,1.11324,952,0,0
1.11325,1.11357,1.1132,1.11354,922,0,0
1.11355,1.11357,1.11303,1.11316,628,0,0
1.11317,1.11343,1.113,1.11333,971,0,0
1.11334,1.11353,1.1133,1.11346,487,0,0
1.11345,1.11369,1.11328,1.1135,923,0,0
1.11351,1.11366,1.11315,1.11345,1008,0,0
1.11344,1.11401,1.11338,1.11338,1011,0,0
1.11339,1.11354,1.11285,1.11286,894,0,0
1.11287,1.11314,1.11284,1.11296,489,0,0
1.11295,1.11352,1.11295,1.1134,612,0,0
1.11341,1.1138,1.11323,1.11372,898,0,0
1.11373,1.11388,1.11325,1.11339,1861,0,0
1.1134,1.11372,1.11315,1.11332,2126,0,0
1.11333,1.11352,1.11224,1.11253,3486,0,0
1.11252,1.11257,1.11134,1.11136,2764,0,0
1.11135,1.11135,1.11038,1.11098,2777,0,0
1.11099,1.11123,1.11035,1.11074,2231,0,0
1.11073,1.11095,1.10955,1.1098,3580,0,0
1.10981,1.11035,1.10933,1.10983,3417,0,0
1.10984,1.11005,1.10837,1.10914,4060,0,0
1.10915,1.10937,1.10865,1.10894,2287,0,0
1.10895,1.10925,1.10856,1.10887,1256,0,0
1.10886,1.10919,1.10877,1.10901,908,0,0
1.10902,1.10922,1.10881,1.10907,624,0,0
1.10906,1.10909,1.10889,1.10903,667,0,0
1.10902,1.10904,1.10841,1.10857,881,0,0
1.10895,1.10905,1.10853,1.10869,1981,0,0
1.10868,1.10922,1.10862,1.10921,581,0,0
1.10922,1.10962,1.10903,1.10905,702,0,0
1.10906,1.10954,1.10901,1.10939,790,0,0
1.10938,1.1095,1.10926,1.10947,482,0,0
1.10948,1.10965,1.10928,1.10934,524,0,0
1.10933,1.10941,1.10916,1.10941,459,0,0
1.1094,1.10964,1.10926,1.10955,432,0,0
1.10954,1.10987,1.10952,1.10981,846,0,0
1.10982,1.10999,1.10915,1.1092,1700,0,0
1.10921,1.10949,1.10863,1.10866,2096,0,0
1.10867,1.10889,1.10798,1.10871,2582,0,0
1.10872,1.10881,1.10805,1.10817,1322,0,0
1.10818,1.10858,1.10816,1.10832,1128,0,0
1.10833,1.10848,1.10804,1.10814,1036,0,0
1.10815,1.1083,1.10781,1.10811,1400,0,0
1.1081,1.10821,1.10769,1.10797,1218,0,0
1.10796,1.10828,1.10743,1.10803,1434,0,0
1.10804,1.10836,1.10787,1.10815,1079,0,0
1.10816,1.10843,1.10807,1.1081,588,0,0
1.10809,1.10882,1.10799,1.10868,860,0,0
1.10867,1.10896,1.10852,1.10894,1267,0,0
1.10893,1.10955,1.10892,1.10954,2267,0,0
1.10953,1.10956,1.10898,1.10902,1517,0,0
1.10901,1.1094,1.10896,1.10933,531,0,0
1.10932,1.10944,1.10906,1.10938,547,0,0
1.10939,1.10944,1.10885,1.109,739,0,0
1.10899,1.10906,1.10864,1.1088,1856,0,0
1.10881,1.1094,1.10881,1.10934,1120,0,0
1.10935,1.10963,1.10917,1.10949,1045,0,0
1.10948,1.10969,1.10922,1.10969,678,0,0
1.10968,1.10969,1.10927,1.1093,617,0,0
1.10929,1.1095,1.10914,1.10917,1293,0,0
1.10918,1.10944,1.10892,1.10897,2422,0,0
1.10898,1.10939,1.1084,1.1088,3200,0,0
1.10881,1.10911,1.10831,1.10881,2474,0,0
1.10882,1.11075,1.10876,1.11014,3470,0,0
1.11013,1.11077,1.10994,1.11031,2475,0,0
1.1103,1.11067,1.10973,1.11056,1814,0,0
1.11058,1.11156,1.11053,1.11113,3283,0,0
1.11112,1.11113,1.10991,1.11006,2951,0,0
1.11005,1.11013,1.10866,1.10952,3060,0,0
1.10953,1.10973,1.10895,1.10933,2258,0,0
1.10934,1.10939,1.10879,1.10893,1051,0,0
1.10894,1.10926,1.10871,1.10899,1718,0,0
1.109,1.10928,1.10891,1.10924,1192,0,0
1.10925,1.10928,1.10849,1.10849,973,0,0
1.10848,1.10857,1.10761,1.10773,1166,0,0
1.10772,1.10805,1.10772,1.10792,977,0,0
1.10791,1.10831,1.1079,1.10827,445,0,0
1.10828,1.10845,1.10799,1.10803,853,0,0
1.10804,1.10814,1.10752,1.10794,1184,0,0
1.10793,1.10799,1.1075,1.10781,1449,0,0
1.1078,1.10815,1.10774,1.10791,728,0,0
1.1079,1.10806,1.10783,1.108,282,0,0
1.10801,1.10832,1.10797,1.10821,676,0,0
1.1082,1.10838,1.10785,1.10804,986,0,0
1.10805,1.10837,1.1073,1.10835,2329,0,0
1.10834,1.10836,1.10725,1.1079,2808,0,0
1.10791,1.10903,1.10756,1.10884,2643,0,0
1.10885,1.10923,1.10836,1.10836,2066,0,0
1.10837,1.10855,1.10755,1.10763,2519,0,0
1.10762,1.10826,1.10747,1.10811,2429,0,0
1.1081,1.10888,1.10799,1.10873,2917,0,0
1.10874,1.10959,1.10702,1.1071,3601,0,0
1.10709,1.10757,1.10677,1.10729,4908,0,0
1.1073,1.10888,1.10724,1.10822,3419,0,0
1.10823,1.10874,1.10815,1.10832,1361,0,0
1.10833,1.10848,1.10815,1.10845,919,0,0
1.10846,1.10909,1.10842,1.10894,1328,0,0
1.10893,1.10906,1.1087,1.10903,1197,0,0
1.10904,1.10914,1.1086,1.10881,748,0,0
1.1088,1.1091,1.10876,1.10894,532,0,0
1.10893,1.10942,1.10892,1.10933,730,0,0
1.10932,1.10972,1.10774,1.10848,1853,0,0
1.10849,1.10873,1.10829,1.10869,1509,0,0
1.1087,1.10889,1.1085,1.10871,872,0,0
1.1087,1.10874,1.108,1.10804,698,0,0
1.10803,1.10833,1.10785,1.10828,667,0,0
1.10827,1.10829,1.108,1.10806,786,0,0
1.10805,1.10827,1.10786,1.10825,920,0,0
1.10826,1.10898,1.10825,1.10868,1970,0,0
1.10867,1.10873,1.10797,1.10813,2927,0,0
1.10814,1.10844,1.10766,1.10819,2369,0,0
1.10818,1.10895,1.10797,1.10888,2053,0,0
1.10887,1.10924,1.1085,1.1088,1812,0,0
1.10881,1.10902,1.1082,1.10821,1992,0,0
1.10822,1.11063,1.10779,1.10842,7830,0,0
1.10843,1.10878,1.10574,1.10669,8522,0,0
1.1067,1.10691,1.10379,1.10438,6320,0,0
1.10437,1.10437,1.10339,1.10386,3837,0,0
1.10387,1.10494,1.10373,1.10485,1991,0,0
1.10486,1.10512,1.10461,1.10471,2030,0,0
1.1047,1.10534,1.10458,1.10529,1336,0,0
1.10528,1.10552,1.10522,1.10531,1176,0,0
1.1053,1.10562,1.10491,1.10493,807,0,0
1.10494,1.10535,1.10476,1.10517,933,0,0
1.10518,1.10538,1.10513,1.1053,485,0,0
1.10531,1.10531,1.10483,1.10503,880,0,0
1.10502,1.1053,1.10494,1.10515,562,0,0
1.10514,1.10514,1.10493,1.10504,479,0,0
1.10505,1.10506,1.10472,1.1048,479,0,0
1.10479,1.10493,1.10462,1.10462,455,0,0
1.10463,1.10473,1.10441,1.10464,554,0,0
1.10465,1.10483,1.10424,1.1048,754,0,0
1.10479,1.10502,1.10402,1.10487,1764,0,0
1.10486,1.10592,1.10421,1.10446,5173,0,0
1.10442,1.10499,1.10313,1.10335,4995,0,0
1.10334,1.10373,1.10292,1.10351,2591,0,0
1.1035,1.1035,1.10258,1.10331,2492,0,0
1.1033,1.10344,1.10238,1.10253,1396,0,0
1.10252,1.10366,1.10248,1.10364,2854,0,0
1.10365,1.10374,1.10264,1.10287,3362,0,0
1.10288,1.10337,1.10205,1.10224,5253,0,0
1.10225,1.10254,1.10173,1.10226,2994,0,0
1.10227,1.10254,1.10197,1.10247,1756,0,0
1.10248,1.10272,1.10238,1.10255,1436,0,0
1.10256,1.10306,1.1025,1.10272,1145,0,0
1.10271,1.10277,1.10233,1.10253,1343,0,0
1.10252,1.10271,1.10189,1.10202,1202,0,0
1.10295,1.10298,1.10207,1.10272,1942,0,0
1.10273,1.10318,1.10221,1.10221,3880,0,0
1.10222,1.10325,1.10222,1.10297,1935,0,0
1.10298,1.10322,1.10285,1.10312,725,0,0
1.10313,1.10333,1.10263,1.10266,852,0,0
1.10265,1.10278,1.1025,1.10257,680,0,0
1.10258,1.10267,1.1025,1.10253,558,0,0
1.10254,1.10285,1.10244,1.10283,410,0,0
1.10284,1.10293,1.10238,1.10253,873,0,0
1.10254,1.10351,1.10253,1.10321,2476,0,0
1.10322,1.10351,1.10231,1.10252,3225,0,0
1.10251,1.10252,1.10127,1.10185,4959,0,0
1.10184,1.10266,1.10158,1.10257,2390,0,0
1.10258,1.10264,1.10192,1.10221,2365,0,0
1.1022,1.10234,1.10178,1.10207,2229,0,0
1.10206,1.10292,1.10199,1.10249,2594,0,0
1.10248,1.10297,1.1013,1.1015,4315,0,0
1.10149,1.10211,1.10089,1.10101,3908,0,0
1.10102,1.10196,1.10072,1.10164,2591,0,0
1.10165,1.10168,1.10083,1.10128,1571,0,0
1.10129,1.10132,1.10104,1.10115,1024,0,0
1.10116,1.10151,1.10114,1.10138,1033,0,0
1.10139,1.10163,1.10132,1.10145,1213,0,0
1.10146,1.10177,1.10133,1.1014,543,0,0
1.10141,1.10173,1.10131,1.10146,1002,0,0
1.10145,1.1018,1.10145,1.1017,631,0,0
1.10171,1.10175,1.10148,1.10168,579,0,0
1.10169,1.10228,1.10169,1.10176,923,0,0
1.10175,1.10194,1.10154,1.1019,680,0,0
1.10189,1.10195,1.10166,1.10189,381,0,0
1.1019,1.10201,1.10177,1.10201,436,0,0
1.102,1.10206,1.10193,1.10194,561,0,0
1.10195,1.10209,1.10158,1.1017,865,0,0
1.10169,1.1017,1.10118,1.10143,1619,0,0
1.10144,1.10211,1.10102,1.1017,2994,0,0
1.10169,1.10192,1.1011,1.10143,3992,0,0
1.10144,1.10201,1.10124,1.10167,1798,0,0
1.10168,1.10171,1.10049,1.10081,1923,0,0
1.10082,1.10084,1.09999,1.10042,2918,0,0
1.10041,1.10071,1.09995,1.1003,3132,0,0
1.10031,1.10042,1.09975,1.10018,3073,0,0
1.10017,1.10033,1.09954,1.09976,3586,0,0
1.09977,1.10081,1.0997,1.10049,2451,0,0
1.1005,1.10083,1.10001,1.10065,1659,0,0
1.10066,1.10119,1.10066,1.10099,1123,0,0
1.10098,1.10148,1.10089,1.10143,963,0,0
1.10142,1.10193,1.10141,1.10193,873,0,0
1.10192,1.10204,1.10165,1.10173,1046,0,0
1.10174,1.10209,1.10146,1.10181,1505,0,0
1.10182,1.10208,1.10171,1.10198,494,0,0
1.10199,1.10253,1.10179,1.10203,1058,0,0
1.10202,1.10203,1.10136,1.10142,919,0,0
1.10141,1.10144,1.10125,1.10137,698,0,0
1.10138,1.10147,1.10103,1.10116,671,0,0
1.10117,1.10121,1.10101,1.10108,350,0,0
1.10107,1.10132,1.10088,1.10125,344,0,0
1.10126,1.10141,1.10121,1.10123,653,0,0
1.10124,1.10125,1.10004,1.10031,1867,0,0
1.10032,1.1005,1.09973,1.09997,2965,0,0
1.09998,1.10028,1.09921,1.10014,1953,0,0
1.10001,1.10001,1.09975,1.0999,643,0,0
1.09991,1.10008,1.09946,1.09953,1529,0,0
1.09954,1.09986,1.09899,1.09901,2285,0,0
1.09902,1.10005,1.09901,1.09936,2837,0,0
1.09935,1.10073,1.09919,1.09966,4323,0,0
1.09965,1.10025,1.09941,1.10013,2311,0,0
1.10014,1.10035,1.09966,1.10024,1264,0,0
1.10025,1.10031,1.09986,1.09997,1285,0,0
1.09998,1.10181,1.09961,1.10179,3060,0,0
1.1018,1.10183,1.10018,1.10043,2766,0,0
1.10044,1.10062,1.09993,1.10054,1036,0,0
1.10053,1.10088,1.10021,1.10064,1258,0,0
1.10065,1.10156,1.10064,1.10114,849,0,0
1.10113,1.10147,1.10103,1.10106,1019,0,0
1.10107,1.10132,1.10086,1.10086,1027,0,0
1.10087,1.10108,1.10087,1.10098,871,0,0
1.10097,1.10133,1.10092,1.10128,916,0,0
1.10129,1.10148,1.10125,1.10147,615,0,0
1.10148,1.10148,1.10101,1.1011,682,0,0
1.10111,1.10112,1.10072,1.10074,921,0,0
1.10073,1.10127,1.10044,1.10091,2721,0,0
1.1009,1.10164,1.10073,1.10142,2774,0,0
1.10143,1.10188,1.1012,1.10166,2045,0,0
1.10165,1.10179,1.1009,1.10119,1927,0,0
1.10118,1.10216,1.10117,1.10205,1913,0,0
1.10206,1.10247,1.10177,1.10204,3473,0,0
1.10205,1.10295,1.10151,1.10231,4754,0,0
1.1023,1.10268,1.10128,1.10233,4771,0,0
1.10234,1.10338,1.10207,1.10331,4444,0,0
1.1033,1.10334,1.10234,1.10288,3166,0,0
1.10287,1.10357,1.10272,1.10353,2155,0,0
1.10352,1.1036,1.10286,1.1032,1619,0,0
1.10321,1.10369,1.10266,1.10276,2536,0,0
1.10277,1.10348,1.10263,1.10298,2702,0,0
1.10297,1.10324,1.10254,1.10268,1095,0,0
1.10267,1.10323,1.10261,1.10277,1104,0,0
1.10278,1.103,1.10258,1.10263,454,0,0
1.10262,1.10306,1.10252,1.10297,1004,0,0
1.10298,1.10312,1.10242,1.10268,1004,0,0
1.10267,1.10308,1.1024,1.1024,1222,0,0
1.10239,1.1024,1.10217,1.10219,743,0,0
1.1022,1.10221,1.10202,1.1022,497,0,0
1.10219,1.10236,1.10189,1.10192,490,0,0
1.10191,1.10216,1.10162,1.10181,923,0,0
1.10182,1.10259,1.10145,1.10255,2093,0,0
1.10254,1.10278,1.10191,1.10192,2318,0,0
1.10191,1.10316,1.10178,1.1026,2771,0,0
1.10262,1.1031,1.10202,1.10281,2839,0,0
1.1028,1.10361,1.10243,1.10348,2382,0,0
1.10347,1.10469,1.10318,1.1045,3320,0,0
1.10449,1.10533,1.10442,1.10526,3208,0,0
1.10527,1.10651,1.10463,1.10605,3963,0,0
1.10604,1.10811,1.10533,1.10783,5028,0,0
1.10782,1.1088,1.10724,1.10792,6076,0,0
1.10793,1.1082,1.10759,1.10804,3006,0,0
1.10803,1.10811,1.10755,1.1078,2193,0,0
1.10779,1.10876,1.10773,1.1087,2196,0,0
1.10869,1.10892,1.10825,1.10882,2105,0,0
1.10881,1.10928,1.10868,1.10868,1583,0,0
1.1088,1.10904,1.1078,1.10813,2158,0,0
1.10815,1.10884,1.10815,1.10867,1373,0,0
1.10866,1.10866,1.10776,1.10793,1133,0,0
1.10794,1.10851,1.10778,1.10807,2160,0,0
1.10808,1.10822,1.10779,1.10793,1754,0,0
1.10794,1.10815,1.10778,1.10788,774,0,0
1.10787,1.10825,1.10787,1.10795,471,0,0
1.10796,1.10825,1.1079,1.10819,754,0,0
1.10818,1.10839,1.10791,1.10799,1111,0,0
1.108,1.10822,1.10679,1.10723,3053,0,0
1.10724,1.1076,1.10619,1.10638,3736,0,0
1.10639,1.10703,1.10567,1.10702,2740,0,0
1.10701,1.10718,1.10619,1.10624,3053,0,0
1.10625,1.10658,1.10559,1.10602,2993,0,0
1.10601,1.10641,1.10589,1.10635,1708,0,0
1.10634,1.10643,1.10592,1.10607,2083,0,0
1.10606,1.10612,1.10426,1.10457,3408,0,0
1.10446,1.10573,1.10408,1.10533,6049,0,0
1.10534,1.10633,1.10512,1.10597,3681,0,0
1.10596,1.1064,1.10552,1.10563,2029,0,0
1.10564,1.10614,1.10558,1.1059,1582,0,0
1.10589,1.10621,1.10586,1.106,1227,0,0
1.10598,1.10608,1.10594,1.10599,92,0,0
1.106,1.10607,1.10569,1.10585,648,0,0
1.10586,1.10617,1.10569,1.10578,1245,0,0
1.10577,1.10581,1.10533,1.10562,947,0,0
1.10561,1.10575,1.10532,1.10556,1030,0,0
1.10555,1.10586,1.1055,1.10576,557,0,0
1.10575,1.1061,1.10554,1.10561,693,0,0
1.1056,1.10613,1.1056,1.10566,1380,0,0
1.10565,1.10566,1.10464,1.10478,2737,0,0
1.10477,1.10568,1.10472,1.10553,3837,0,0
1.10552,1.10585,1.10504,1.10535,3378,0,0
1.10534,1.10547,1.1047,1.10532,2411,0,0
1.10531,1.10556,1.10498,1.10516,1714,0,0
1.10517,1.10517,1.10406,1.10416,2331,0,0
1.10415,1.10483,1.10407,1.1042,2757,0,0
1.10418,1.10443,1.10384,1.10422,3348,0,0
1.10421,1.1046,1.10307,1.10359,4073,0,0
1.10358,1.10406,1.10304,1.10404,2625,0,0
1.10405,1.10428,1.10341,1.10347,2192,0,0
1.10346,1.10422,1.10341,1.10386,1136,0,0
1.10385,1.1042,1.10378,1.10396,986,0,0
1.10395,1.10423,1.10387,1.10419,1100,0,0
1.10418,1.10434,1.10389,1.10394,743,0,0
1.10395,1.10415,1.10375,1.10408,1282,0,0
1.10409,1.10433,1.10408,1.10422,475,0,0
1.10423,1.10425,1.10398,1.10409,736,0,0
1.10408,1.10413,1.10373,1.1038,1066,0,0
1.10379,1.10385,1.10315,1.1032,1019,0,0
1.10319,1.10343,1.10313,1.10318,621,0,0
1.10317,1.10329,1.10313,1.10321,264,0,0
1.1032,1.10357,1.10313,1.10354,591,0,0
1.10355,1.10359,1.10321,1.10335,804,0,0
1.10336,1.10381,1.10332,1.10345,1848,0,0
1.10346,1.10455,1.10342,1.10396,4850,0,0
1.10397,1.10403,1.10191,1.10235,4732,0,0
1.10234,1.10274,1.10156,1.10168,2879,0,0
1.10167,1.10233,1.1012,1.10194,3311,0,0
1.10195,1.10207,1.1016,1.10199,1755,0,0
1.10198,1.1021,1.10054,1.10099,4194,0,0
1.10101,1.10119,1.09975,1.10007,3894,0,0
1.10008,1.10072,1.0994,1.09997,5601,0,0
1.09998,1.10039,1.09963,1.10037,2742,0,0
1.10035,1.10043,1.09986,1.09987,1340,0,0
1.09988,1.10007,1.09966,1.09998,694,0,0
1.09999,1.10003,1.09913,1.09936,1194,0,0
1.09935,1.09973,1.09935,1.09951,767,0,0
1.09952,1.09972,1.09931,1.0994,738,0,0
1.09941,1.09976,1.09931,1.09959,812,0,0
1.09958,1.09981,1.09956,1.0998,397,0,0
1.09981,1.09982,1.09935,1.09939,839,0,0
1.0994,1.09977,1.09919,1.09957,948,0,0
1.09958,1.09966,1.09941,1.09953,560,0,0
1.09952,1.09965,1.09939,1.09948,514,0,0
1.09949,1.09958,1.09919,1.09933,871,0,0
1.09934,1.09975,1.09917,1.09974,777,0,0
1.09973,1.09996,1.09937,1.09978,1039,0,0
1.09979,1.10032,1.09953,1.10006,2073,0,0
1.10007,1.10116,1.09916,1.09931,3570,0,0
1.09932,1.10051,1.09927,1.09966,2894,0,0
1.09965,1.10033,1.09965,1.09988,1514,0,0
1.09989,1.10005,1.09931,1.09979,1580,0,0
1.09978,1.1001,1.09948,1.10001,1679,0,0
1.1,1.10017,1.09964,1.09992,2139,0,0
1.09991,1.09991,1.09859,1.09859,2909,0,0
1.09858,1.09886,1.0962,1.09742,5906,0,0
1.09743,1.09811,1.09706,1.09753,3792,0,0
1.09752,1.09779,1.09721,1.09726,1845,0,0
1.09725,1.09748,1.09693,1.09708,893,0,0
1.09709,1.0975,1.09684,1.09745,1078,0,0
1.09746,1.09799,1.09743,1.09764,1168,0,0
1.09763,1.09796,1.09752,1.09788,633,0,0
1.09789,1.0979,1.09734,1.09769,927,0,0
1.09768,1.0979,1.09766,1.09784,265,0,0
1.09785,1.09793,1.09754,1.09792,854,0,0
1.09791,1.09808,1.09779,1.09806,1391,0,0
1.09807,1.09823,1.09794,1.09822,963,0,0
1.09821,1.09826,1.09801,1.09808,753,0,0
1.09807,1.09808,1.09768,1.09789,689,0,0
1.09788,1.0981,1.0978,1.09785,685,0,0
1.09786,1.09801,1.09747,1.09752,1292,0,0
1.09753,1.0976,1.09643,1.09644,3055,0,0
1.09643,1.09686,1.09542,1.09559,3597,0,0
1.0956,1.09623,1.09511,1.09519,2788,0,0
1.0952,1.09544,1.09454,1.09516,2892,0,0
1.09515,1.09555,1.09483,1.09495,1848,0,0
1.09496,1.09622,1.09483,1.09622,1746,0,0
1.09621,1.09684,1.09524,1.09558,5968,0,0
1.09557,1.0971,1.09465,1.0969,5541,0,0
1.09689,1.09739,1.09547,1.09609,6393,0,0
1.0961,1.09629,1.09438,1.0947,3594,0,0
1.09471,1.09474,1.09395,1.09402,1410,0,0
1.09403,1.09469,1.09401,1.09413,1343,0,0
1.09414,1.09465,1.09414,1.09437,1174,0,0
1.09438,1.09455,1.09417,1.09449,787,0,0
1.0945,1.09451,1.09377,1.09398,1260,0,0
1.09409,1.09422,1.09379,1.094,603,0,0
1.09399,1.09482,1.09399,1.09469,1500,0,0
1.09468,1.09507,1.09456,1.09503,1219,0,0
1.09502,1.09509,1.0947,1.09481,987,0,0
1.0948,1.09517,1.09478,1.09512,998,0,0
1.09513,1.09517,1.09478,1.095,622,0,0
1.09501,1.09549,1.09494,1.09544,574,0,0
1.09545,1.09551,1.09518,1.09531,601,0,0
1.0953,1.0955,1.09488,1.09489,1108,0,0
1.09488,1.09513,1.09426,1.09443,2228,0,0
1.09442,1.09512,1.09424,1.0949,2483,0,0
1.09489,1.09494,1.09438,1.09473,2159,0,0
1.09474,1.09526,1.09455,1.0947,1972,0,0
1.09469,1.09503,1.09428,1.09467,1655,0,0
1.09466,1.09494,1.0945,1.09468,1734,0,0
1.09469,1.09502,1.09274,1.09301,3021,0,0
1.09302,1.09313,1.09247,1.09251,3630,0,0
1.0925,1.09357,1.09169,1.09216,3682,0,0
1.09217,1.09217,1.09067,1.09126,2448,0,0
1.09127,1.09177,1.09078,1.09078,1681,0,0
1.09079,1.09141,1.09069,1.09112,1029,0,0
1.09113,1.09138,1.091,1.09114,755,0,0
1.09115,1.09128,1.09053,1.09099,1268,0,0
1.091,1.09112,1.09048,1.09061,583,0,0
1.0906,1.09103,1.09055,1.09072,1039,0,0
1.09073,1.09109,1.09064,1.09079,697,0,0
1.09078,1.0909,1.09055,1.09076,557,0,0
1.09075,1.09128,1.09072,1.09115,1158,0,0
1.09114,1.09138,1.09095,1.09117,675,0,0
1.09116,1.09146,1.09101,1.09111,678,0,0
1.0911,1.09113,1.09064,1.0907,583,0,0
1.09069,1.09105,1.09054,1.09099,710,0,0
1.09098,1.09099,1.09058,1.09086,894,0,0
1.09087,1.09119,1.09032,1.09118,2212,0,0
1.09119,1.09128,1.09032,1.09083,2414,0,0
1.09084,1.09134,1.09057,1.09112,2223,0,0
1.09113,1.09171,1.09078,1.09158,1924,0,0
1.09157,1.09182,1.09101,1.09103,1526,0,0
1.09102,1.09138,1.09047,1.09067,2002,0,0
1.09066,1.09073,1.08888,1.09011,4757,0,0
1.0901,1.09204,1.08991,1.09178,4631,0,0
1.09177,1.09223,1.09091,1.09137,4930,0,0
1.09136,1.09214,1.09106,1.09141,3236,0,0
1.09142,1.09218,1.09135,1.09194,2114,0,0
1.09195,1.09196,1.09147,1.09166,1481,0,0
1.09165,1.09208,1.09165,1.09193,1130,0,0
1.09192,1.09192,1.09159,1.09171,1000,0,0
1.0917,1.09176,1.09101,1.09102,730,0,0
1.09103,1.09174,1.09101,1.09151,1373,0,0
1.0915,1.09167,1.0914,1.09166,582,0,0
1.09165,1.09167,1.09094,1.09106,1142,0,0
1.09107,1.09173,1.09105,1.09159,1325,0,0
1.09158,1.09174,1.09122,1.09135,922,0,0
1.09136,1.09154,1.09125,1.09129,549,0,0
1.09128,1.09134,1.09097,1.09098,380,0,0
1.09097,1.09119,1.09073,1.09083,810,0,0
1.09084,1.09084,1.09027,1.09034,996,0,0
1.09033,1.09126,1.08998,1.09123,2371,0,0
1.09122,1.09231,1.09093,1.09192,3560,0,0
1.09191,1.09208,1.0909,1.09179,2531,0,0
1.09178,1.09193,1.09129,1.09159,1959,0,0
1.09158,1.0916,1.09072,1.09096,1686,0,0
1.09095,1.0912,1.09075,1.09099,1640,0,0
1.09098,1.09113,1.09024,1.09026,2076,0,0
1.09027,1.0908,1.08968,1.09015,3085,0,0
1.09016,1.09024,1.08836,1.08919,5338,0,0
1.0892,1.08951,1.0887,1.08899,3062,0,0
1.08898,1.08911,1.08742,1.08765,2895,0,0
1.08766,1.08786,1.08736,1.08741,1227,0,0
1.0874,1.08751,1.08629,1.08639,2049,0,0
1.0864,1.08728,1.0864,1.08728,1162,0,0
1.08727,1.08731,1.08666,1.0869,871,0,0
1.08689,1.08712,1.08673,1.08678,1367,0,0
1.08677,1.08734,1.08672,1.08732,1283,0,0
1.08733,1.0874,1.08687,1.08701,1870,0,0
1.087,1.08725,1.08686,1.08704,990,0,0
1.08703,1.08714,1.08673,1.08678,642,0,0
1.08677,1.08689,1.08654,1.08676,650,0,0
1.08675,1.08677,1.08627,1.08666,490,0,0
1.08665,1.08692,1.08652,1.08692,728,0,0
1.08691,1.08708,1.08671,1.0869,902,0,0
1.08691,1.08771,1.08684,1.08768,2122,0,0
1.08767,1.08852,1.08731,1.08845,2554,0,0
1.08844,1.08863,1.08791,1.08805,1728,0,0
1.08806,1.08852,1.08714,1.08716,2144,0,0
1.08715,1.08731,1.08536,1.08553,3208,0,0
1.08554,1.08664,1.08507,1.08613,3508,0,0
1.08614,1.08667,1.08509,1.08524,2948,0,0
1.08523,1.08593,1.08452,1.08529,4009,0,0
1.08528,1.0856,1.08316,1.08461,5710,0,0
1.08462,1.08518,1.08449,1.08449,2922,0,0
1.0845,1.08454,1.08365,1.084,2075,0,0
1.08401,1.08411,1.08365,1.08396,1461,0,0
1.08395,1.0842,1.08382,1.08409,1050,0,0
1.0841,1.0843,1.08387,1.08389,1129,0,0
1.0839,1.0839,1.08339,1.08364,896,0,0
1.08365,1.08378,1.08329,1.08365,878,0,0
1.08364,1.08394,1.08355,1.08389,718,0,0
1.0839,1.08392,1.08248,1.08357,1842,0,0
1.08358,1.0836,1.08308,1.08337,1126,0,0
1.08336,1.0835,1.08319,1.08345,744,0,0
1.08344,1.08346,1.08283,1.08286,865,0,0
1.08287,1.08306,1.08284,1.08306,398,0,0
1.08307,1.08348,1.08306,1.08346,570,0,0
1.08347,1.08364,1.08318,1.08331,875,0,0
1.08332,1.08408,1.08324,1.08386,1751,0,0
1.08387,1.08409,1.08297,1.08407,2169,0,0
1.08406,1.08477,1.08377,1.08425,2525,0,0
1.08424,1.08468,1.08356,1.08366,1906,0,0
1.08365,1.08422,1.08346,1.08346,1863,0,0
1.08345,1.08427,1.083,1.08375,2319,0,0
1.08374,1.08571,1.08335,1.08526,4281,0,0
1.08527,1.08587,1.08487,1.0854,3355,0,0
1.08541,1.08567,1.08413,1.08434,3680,0,0
1.08433,1.08443,1.08346,1.08368,2834,0,0
1.08367,1.08412,1.08304,1.08409,1489,0,0
1.08408,1.08439,1.08393,1.08412,1063,0,0
1.08411,1.08431,1.08364,1.08371,797,0,0
1.0837,1.08387,1.08339,1.08348,931,0,0
1.08347,1.08364,1.08247,1.08262,1566,0,0
1.08305,1.0838,1.08305,1.0835,2268,0,0
1.08351,1.08393,1.08324,1.08389,946,0,0
1.08388,1.08389,1.08328,1.08336,1061,0,0
1.08335,1.08356,1.08312,1.08343,809,0,0
1.08342,1.08378,1.08337,1.08369,725,0,0
1.08368,1.08369,1.08349,1.08362,633,0,0
1.08361,1.08383,1.08352,1.08353,510,0,0
1.08354,1.08389,1.08354,1.08373,519,0,0
1.08372,1.08381,1.08316,1.08328,861,0,0
1.08329,1.08399,1.08329,1.08383,1393,0,0
1.08384,1.0844,1.0835,1.08439,1982,0,0
1.08438,1.08486,1.08401,1.08418,2013,0,0
1.08417,1.0845,1.08402,1.08445,1442,0,0
1.08444,1.08457,1.08336,1.08368,1741,0,0
1.08369,1.08395,1.08329,1.0834,1682,0,0
1.08339,1.08384,1.08297,1.08338,1356,0,0
1.08337,1.0839,1.08327,1.08367,1398,0,0
1.08366,1.08377,1.0827,1.08273,1531,0,0
1.08272,1.08356,1.08268,1.0835,1317,0,0
1.08349,1.08376,1.08295,1.08298,962,0,0
1.08299,1.08327,1.08277,1.08305,955,0,0
1.08304,1.08332,1.08288,1.08316,728,0,0
1.08315,1.08324,1.08293,1.08311,915,0,0
1.0831,1.08338,1.08288,1.08309,1256,0,0
1.0831,1.0834,1.0829,1.08332,1611,0,0
1.08333,1.08348,1.08314,1.08344,746,0,0
1.08343,1.08344,1.08227,1.08235,1600,0,0
1.08236,1.08264,1.08207,1.08253,1393,0,0
1.08252,1.08268,1.08212,1.08259,1085,0,0
1.08258,1.08316,1.08257,1.08302,697,0,0
1.08303,1.08307,1.08277,1.08278,498,0,0
1.08277,1.08299,1.08277,1.08288,472,0,0
1.08289,1.08344,1.08262,1.08276,1142,0,0
1.08275,1.08349,1.08274,1.08307,2371,0,0
1.08306,1.08328,1.08227,1.0824,3288,0,0
1.08241,1.08291,1.08223,1.08251,2446,0,0
1.08252,1.08345,1.0819,1.08244,4502,0,0
1.08245,1.08334,1.08222,1.08222,2247,0,0
1.08221,1.08226,1.08102,1.08118,2860,0,0
1.08119,1.08145,1.0791,1.07999,4363,0,0
1.08,1.08057,1.07833,1.08055,4387,0,0
1.08054,1.08235,1.08052,1.08206,4716,0,0
1.08205,1.08218,1.08097,1.08123,3097,0,0
1.08124,1.08124,1.08003,1.08019,1620,0,0
1.08018,1.08019,1.07971,1.07978,1433,0,0
1.07977,1.07994,1.07906,1.07916,1325,0,0
1.07915,1.07946,1.07885,1.07935,1069,0,0
1.07936,1.07938,1.07858,1.07866,942,0,0
1.07865,1.07926,1.07859,1.07909,1509,0,0
1.0791,1.07949,1.07886,1.07925,767,0,0
1.07924,1.0797,1.07905,1.07957,685,0,0
1.07958,1.08013,1.07949,1.07997,1053,0,0
1.07998,1.08005,1.07962,1.07966,837,0,0
1.07965,1.07994,1.07962,1.07966,510,0,0
1.07967,1.07967,1.07934,1.07949,481,0,0
1.0795,1.07952,1.0792,1.07932,487,0,0
1.07931,1.07964,1.07891,1.07958,827,0,0
1.07957,1.08022,1.0794,1.07996,1933,0,0
1.07995,1.08047,1.07942,1.08015,2524,0,0
1.08016,1.08056,1.07968,1.08008,2682,0,0
1.08007,1.08037,1.07964,1.07983,1929,0,0
1.07984,1.07994,1.07823,1.07892,2725,0,0
1.07893,1.08014,1.07884,1.07985,2241,0,0
1.07986,1.07988,1.07877,1.07911,3555,0,0
1.0791,1.07914,1.07812,1.07846,4495,0,0
1.07847,1.07924,1.07798,1.07889,4236,0,0
1.0789,1.07965,1.07847,1.0791,3754,0,0
1.07909,1.07935,1.07838,1.07895,2148,0,0
1.07894,1.07964,1.07877,1.07963,1273,0,0
1.07962,1.07985,1.07902,1.0794,2330,0,0
1.07941,1.08078,1.07934,1.08077,1879,0,0
1.08078,1.08094,1.08002,1.08007,1354,0,0
1.08006,1.08054,1.07994,1.08046,1064,0,0
1.08045,1.08087,1.08034,1.08073,505,0,0
1.08072,1.08129,1.08022,1.08087,2242,0,0
1.08088,1.08108,1.07954,1.07978,2061,0,0
1.07979,1.07998,1.07901,1.07905,1956,0,0
1.07904,1.07978,1.07893,1.07947,1848,0,0
1.07948,1.07963,1.07936,1.07963,708,0,0
1.07962,1.07968,1.07935,1.07943,630,0,0
1.07944,1.0795,1.07847,1.07859,1357,0,0
1.07861,1.07904,1.07756,1.07883,4062,0,0
1.07884,1.07957,1.07825,1.07945,3142,0,0
1.07944,1.08038,1.07917,1.07974,3152,0,0
1.07973,1.07994,1.0788,1.079,2891,0,0
1.07901,1.07952,1.07852,1.07941,3353,0,0
1.0794,1.07949,1.07835,1.07859,2967,0,0
1.07858,1.08026,1.07854,1.08023,4095,0,0
1.08022,1.08188,1.08014,1.08145,5195,0,0
1.08146,1.08174,1.07981,1.08,4488,0,0
1.08001,1.08052,1.07806,1.07944,6042,0,0
1.07945,1.08003,1.07906,1.07906,3499,0,0
1.07907,1.07946,1.07886,1.07913,1756,0,0
1.07912,1.07925,1.07842,1.07871,1709,0,0
1.07872,1.07882,1.07826,1.07874,1432,0,0
1.07873,1.07873,1.07781,1.078,933,0,0
1.07799,1.07855,1.07799,1.07835,1465,0,0
1.07836,1.07868,1.07818,1.07852,627,0,0
1.07853,1.07893,1.07848,1.07879,1227,0,0
1.0788,1.07913,1.07873,1.07904,1311,0,0
1.07905,1.07912,1.07853,1.07874,1613,0,0
1.07875,1.079,1.07867,1.07879,780,0,0
1.07878,1.07924,1.07869,1.07923,886,0,0
1.07922,1.07925,1.07896,1.07907,509,0,0
1.07906,1.07923,1.07872,1.0788,835,0,0
1.07881,1.07962,1.07875,1.07938,2515,0,0
1.07937,1.08175,1.07879,1.08117,7982,0,0
1.08118,1.08172,1.08068,1.08074,3721,0,0
1.08075,1.08084,1.07938,1.07974,2833,0,0
1.07975,1.08043,1.0793,1.08039,2484,0,0
1.08038,1.08039,1.07939,1.07943,2914,0,0
1.07942,1.08101,1.07942,1.08069,3195,0,0
1.08068,1.08438,1.07988,1.08349,6303,0,0
1.08348,1.08611,1.08348,1.08503,7995,0,0
1.08504,1.08612,1.08464,1.0852,4194,0,0
1.08519,1.08585,1.08515,1.08552,2083,0,0
1.08551,1.08591,1.08518,1.0854,1422,0,0
1.08541,1.08557,1.08503,1.08555,1356,0,0
1.08554,1.08554,1.08453,1.08473,1291,0,0
1.08472,1.08474,1.08414,1.08428,1079,0,0
1.08108,1.08312,1.08089,1.08259,6033,0,0
1.08258,1.08395,1.08252,1.08361,2921,0,0
1.08362,1.08399,1.08262,1.08288,2125,0,0
1.08289,1.08298,1.0822,1.08258,1909,0,0
1.08259,1.08274,1.08202,1.08202,1434,0,0
1.08203,1.08218,1.08191,1.08197,1120,0,0
1.08196,1.08202,1.08166,1.08187,568,0,0
1.08186,1.08194,1.08124,1.08126,932,0,0
1.08125,1.08182,1.08125,1.08139,1606,0,0
1.0814,1.0817,1.08027,1.08147,4269,0,0
1.08148,1.08261,1.08128,1.0824,5742,0,0
1.08241,1.08394,1.08114,1.08132,5989,0,0
1.08131,1.08234,1.08106,1.08134,3944,0,0
1.08133,1.08228,1.08111,1.08184,3369,0,0
1.08185,1.08257,1.08139,1.08159,3757,0,0
1.0816,1.08198,1.08107,1.08122,3485,0,0
1.08123,1.08503,1.08116,1.08466,7588,0,0
1.08467,1.08584,1.08438,1.08534,7351,0,0
1.08535,1.08613,1.08435,1.08535,5490,0,0
1.08536,1.08694,1.08506,1.08684,4881,0,0
1.08685,1.08695,1.08586,1.08615,2403,0,0
1.08614,1.08615,1.0839,1.08406,3973,0,0
1.08407,1.08544,1.08389,1.08498,3600,0,0
1.08499,1.08532,1.08464,1.08482,1335,0,0
1.08481,1.08523,1.08458,1.08481,2243,0,0
1.08482,1.08517,1.08459,1.08462,1538,0,0
1.08461,1.08505,1.08458,1.08494,1699,0,0
1.08495,1.08574,1.08425,1.08561,2503,0,0
1.08562,1.08622,1.08558,1.08611,1815,0,0
1.0861,1.08651,1.08603,1.08604,1356,0,0
1.08603,1.08606,1.08579,1.08584,626,0,0
1.08583,1.08584,1.08484,1.08486,1048,0,0
1.08487,1.08551,1.08469,1.08494,2483,0,0
1.08495,1.08565,1.08452,1.0851,4038,0,0
1.08509,1.08634,1.08477,1.08611,5415,0,0
1.0861,1.08635,1.08462,1.08481,4886,0,0
1.0848,1.0848,1.08324,1.08356,4053,0,0
1.08357,1.08382,1.08277,1.08343,3370,0,0
1.08344,1.08357,1.08277,1.08337,3256,0,0
1.08338,1.08473,1.08333,1.08385,3650,0,0
1.08386,1.08434,1.08295,1.08336,5651,0,0
1.08337,1.0864,1.0831,1.08623,9768,0,0
1.08624,1.08801,1.08604,1.08658,8063,0,0
1.08657,1.08803,1.08641,1.08802,4288,0,0
1.08801,1.08803,1.08695,1.08745,3501,0,0
1.08744,1.08878,1.08707,1.08792,5721,0,0
1.08791,1.08839,1.08729,1.08798,4899,0,0
1.08799,1.08838,1.08752,1.08766,1571,0,0
1.08765,1.08793,1.08734,1.08771,1144,0,0
1.0877,1.08777,1.08726,1.08773,994,0,0
1.08772,1.08772,1.08649,1.08673,1892,0,0
1.08674,1.08723,1.08667,1.08716,2469,0,0
1.08715,1.08717,1.08599,1.08658,2722,0,0
1.08659,1.0868,1.08627,1.08641,1675,0,0
1.08642,1.08665,1.08632,1.0865,1089,0,0
1.08651,1.0876,1.0865,1.08736,1852,0,0
1.08737,1.08752,1.08679,1.08722,3094,0,0
1.08723,1.08733,1.0863,1.08686,4778,0,0
1.08687,1.08952,1.08686,1.08894,4909,0,0
1.08895,1.08943,1.0882,1.08865,5705,0,0
1.08864,1.08876,1.08706,1.0884,3966,0,0
1.08839,1.08872,1.0871,1.0882,3759,0,0
1.08821,1.09063,1.08664,1.08668,8190,0,0
1.08669,1.08731,1.08546,1.0863,6714,0,0
1.08629,1.08724,1.08526,1.08572,6746,0,0
1.08573,1.0873,1.08546,1.08642,6506,0,0
1.08641,1.08891,1.08616,1.08839,5975,0,0
1.08838,1.08912,1.08757,1.08762,4143,0,0
1.08763,1.08882,1.08723,1.0879,4381,0,0
1.08791,1.08974,1.08772,1.08971,4203,0,0
1.0897,1.0897,1.08807,1.08824,3470,0,0
1.08823,1.0883,1.08721,1.08777,1200,0,0
1.08781,1.08813,1.08749,1.08792,965,0,0
1.08791,1.08841,1.08772,1.0884,1201,0,0
1.08841,1.09106,1.08825,1.08954,4497,0,0
1.08955,1.08992,1.08928,1.08988,2930,0,0
1.08987,1.09121,1.08986,1.09079,2115,0,0
1.09078,1.09078,1.09018,1.09029,1170,0,0
1.0903,1.09108,1.09008,1.09101,1230,0,0
1.091,1.09123,1.09038,1.09051,2121,0,0
1.0905,1.09154,1.09034,1.09086,3042,0,0
1.09085,1.09197,1.09058,1.09189,4893,0,0
1.0919,1.09454,1.09165,1.09453,7498,0,0
1.09454,1.09454,1.09296,1.09329,4585,0,0
1.09328,1.09419,1.09303,1.09373,4823,0,0
1.09372,1.09456,1.09324,1.09429,5010,0,0
1.09428,1.09652,1.09395,1.0962,6093,0,0
1.09621,1.09752,1.09567,1.09741,7811,0,0
1.09742,1.09826,1.09607,1.09743,10350,0,0
1.09744,1.10039,1.09702,1.09818,11623,0,0
1.09817,1.09869,1.09681,1.09732,9529,0,0
1.09733,1.09773,1.09623,1.09772,6068,0,0
1.09771,1.09922,1.09756,1.09864,5599,0,0
1.09865,1.09925,1.09831,1.09848,4136,0,0
1.09847,1.09926,1.09784,1.09905,3915,0,0
1.09904,1.09984,1.09852,1.09952,2515,0,0
1.09951,1.10005,1.09949,1.09988,1680,0,0
1.09989,1.1002,1.09936,1.09939,2221,0,0
1.0994,1.10028,1.09923,1.09942,2546,0,0
1.09941,1.09944,1.09834,1.09855,2880,0,0
1.09854,1.09888,1.09798,1.09837,2289,0,0
1.09838,1.09912,1.09818,1.09845,3067,0,0
1.09844,1.09947,1.09833,1.09918,2397,0,0
1.09917,1.10017,1.09899,1.09977,2828,0,0
1.09976,1.10056,1.09963,1.09987,3813,0,0
1.09988,1.10019,1.0989,1.09932,6334,0,0
1.09933,1.10317,1.09927,1.10317,9063,0,0
1.10316,1.10507,1.10265,1.10422,7606,0,0
1.10421,1.10423,1.10236,1.10316,6111,0,0
1.10315,1.10398,1.09838,1.09911,7785,0,0
1.09912,1.09975,1.09827,1.09846,7904,0,0
1.09847,1.09904,1.09664,1.09844,9777,0,0
1.09845,1.09858,1.09485,1.09637,9990,0,0
1.09636,1.09877,1.09523,1.09819,13005,0,0
1.09818,1.10052,1.09766,1.09978,13098,0,0
1.09977,1.10063,1.09926,1.09987,6493,0,0
1.09986,1.10033,1.09878,1.09981,4760,0,0
1.0998,1.10304,1.09883,1.10267,9011,0,0
1.10266,1.10434,1.1023,1.10353,6400,0,0
1.10354,1.10406,1.10139,1.10217,4121,0,0
1.10416,1.10447,1.10348,1.10434,1751,0,0
1.10433,1.10714,1.10432,1.10493,5331,0,0
1.10494,1.10615,1.1034,1.10611,4580,0,0
1.10612,1.10625,1.10498,1.10542,5354,0,0
1.10543,1.10611,1.10528,1.10545,3925,0,0
1.10544,1.10598,1.10493,1.10502,2971,0,0
1.10501,1.10564,1.10455,1.10505,2737,0,0
1.10504,1.10504,1.10395,1.10409,2124,0,0
1.1041,1.10459,1.10359,1.10396,3838,0,0
1.10395,1.10763,1.10373,1.10611,9469,0,0
1.10612,1.10908,1.10579,1.10823,11782,0,0
1.10822,1.10845,1.10606,1.10773,9798,0,0
1.10772,1.10846,1.1075,1.10839,1361,0,0
